DateTime,Open,High,Low,Close,Volume,Adj Close,InfluSum
20221230,3084.52,3096.31,3082.2,3089.26,217545344,3089.26,11393.179918999998
20221229,3076.73,3086.0,3064.46,3073.7,215570676,3073.7,7342.729474
20221228,3088.62,3098.65,3079.43,3087.4,224554151,3087.4,7188.509582
20221227,3077.75,3098.08,3074.31,3095.57,222218322,3095.57,7419.963308
20221226,3048.2,3071.84,3047.35,3065.56,206503893,3065.56,4031.48002
20221223,3038.84,3061.87,3031.54,3045.87,192020305,3045.87,11584.360497999998
20221222,3085.8,3096.24,3044.6,3054.43,223639537,3054.43,18163.725001
20221221,3078.33,3085.8,3060.55,3068.41,189067920,3068.41,12786.614111
20221220,3098.95,3100.75,3061.51,3073.77,218836766,3073.77,11787.655153
20221219,3165.31,3170.26,3096.1,3107.11,278513541,3107.11,12121.063176999996
20221216,3156.13,3175.35,3151.61,3167.86,259771795,3167.86,11848.264081
20221215,3177.2,3179.1,3158.45,3168.65,243023333,3168.65,11829.150467
20221214,3178.55,3189.84,3168.59,3176.53,265623569,3176.53,8812.298697
20221213,3179.44,3187.2,3171.48,3176.33,285821200,3176.33,9494.086640000001
20221212,3195.87,3196.72,3176.58,3179.04,333381792,3179.04,11866.550797
20221209,3197.12,3212.11,3182.91,3206.95,373343209,3206.95,17046.534117
20221208,3196.02,3206.72,3187.26,3197.35,320969294,3197.35,12963.93135
20221207,3204.94,3226.08,3188.67,3199.62,354113078,3199.62,18435.673049
20221206,3200.28,3224.82,3195.08,3212.53,373590296,3212.53,17072.358842000005
20221205,3181.92,3213.44,3177.06,3211.81,447398437,3211.81,11029.835906
20221202,3160.58,3170.9,3149.84,3156.14,307812484,3156.14,12747.383082
20221201,3187.99,3198.41,3164.53,3165.47,387013056,3165.47,16597.34474
20221130,3141.4,3158.57,3137.37,3151.34,372718321,3151.34,12769.335199000005
20221129,3096.11,3152.0,3096.11,3149.75,391449748,3149.75,17736.627243
20221128,3055.29,3080.18,3034.7,3078.55,305811284,3078.55,18979.335079000004
20221125,3085.46,3111.42,3077.97,3101.69,311431979,3101.69,26063.93077
20221124,3104.1,3113.24,3084.86,3089.31,267482928,3089.31,17830.419789
20221123,3084.74,3108.24,3075.32,3096.91,326155449,3096.91,20737.584446
20221122,3084.23,3118.12,3076.32,3088.94,327565927,3088.94,24948.650353
20221121,3078.06,3085.24,3056.17,3085.04,256045549,3085.04,12169.254534
20221118,3116.73,3126.71,3096.89,3097.24,299954276,3097.24,21894.245121
20221117,3110.96,3115.44,3087.17,3115.43,287028407,3115.43,15888.736475999998
20221116,3133.65,3145.75,3115.35,3119.98,303429844,3119.98,16101.825716
20221115,3081.13,3135.59,3074.5,3134.08,331470577,3134.08,17534.946887000002
20221114,3100.87,3121.41,3075.22,3083.4,361788216,3083.4,13714.950118
20221111,3099.65,3117.74,3070.3,3087.29,409604534,3087.29,38361.322816
20221110,3031.69,3047.98,3022.85,3036.13,270371798,3036.13,24927.614168
20221109,3064.46,3073.92,3046.19,3048.17,235637324,3048.17,20788.575214000004
20221108,3077.31,3078.28,3047.46,3064.49,256522007,3064.49,22109.112559
20221107,3062.86,3088.19,3054.46,3077.82,320567097,3077.82,16142.511230999997
20221104,2997.0,3081.59,2997.0,3070.8,329806740,3070.8,26762.009571000002
20221103,2981.2,3003.72,2977.72,2997.81,259348567,2997.81,20063.660162
20221102,2960.65,3019.05,2954.95,3003.37,325078248,3003.37,18269.617217
20221101,2899.5,2969.2,2896.76,2969.2,319809578,2969.2,22480.418204
20221031,2893.2,2926.01,2885.09,2893.48,301994203,2893.48,25508.499722
20221028,2967.02,2974.24,2908.98,2915.93,292531308,2915.93,45072.62353099999
20221027,3005.04,3017.26,2981.69,2982.9,265608254,2982.9,24044.673758
20221026,2977.56,3028.35,2977.56,2999.5,268689492,2999.5,23141.217994000002
20221025,2969.16,3001.72,2944.26,2976.28,255554160,2976.28,25840.340361
20221024,3034.75,3064.42,2965.17,2977.56,298085356,2977.56,33116.408829
20221021,3038.04,3055.42,3026.96,3038.93,245254122,3038.93,16394.691418
20221020,3029.3,3070.26,3013.69,3035.05,244736145,3035.05,20795.987330999997
20221019,3073.26,3081.39,3044.38,3044.38,230895310,3044.38,19086.932606000002
20221018,3094.93,3099.92,3074.22,3080.96,245634757,3080.96,16893.534368
20221017,3060.52,3087.19,3052.71,3084.94,262608618,3084.94,17960.339966
20221014,3035.03,3084.27,3035.03,3071.99,277304061,3071.99,19494.227191
20221013,3008.3,3036.25,3004.5,3016.36,249683281,3016.36,19920.640636
20221012,2976.72,3025.51,2934.09,3025.51,248013557,3025.51,26047.611827
20221011,2978.06,2986.91,2953.5,2979.79,208635950,2979.79,15613.499703
20221010,3026.94,3029.45,2968.28,2974.15,243404828,2974.15,30181.729348
20220930,3042.17,3054.61,3021.93,3024.39,204115336,3024.39,18689.377263000002
20220929,3067.47,3076.76,3026.08,3041.2,230030416,3041.2,19690.806840999998
20220928,3089.1,3089.1,3044.86,3045.07,230098650,3045.07,21922.553527999997
20220927,3056.39,3094.04,3048.36,3093.86,232735303,3093.86,24337.294550000002
20220926,3067.57,3102.65,3048.51,3051.23,262698628,3051.23,23316.777792
20220923,3106.81,3124.66,3072.24,3088.37,243057719,3088.37,19909.038493
20220922,3098.77,3125.68,3092.82,3108.91,221140689,3108.91,21911.466422999998
20220921,3116.01,3129.82,3091.3,3117.18,232972496,3117.18,14850.524614
20220920,3127.84,3140.03,3114.04,3122.41,219942534,3122.41,15949.800335999998
20220919,3122.75,3135.56,3101.22,3115.6,249113662,3115.6,14952.023850000001
20220916,3189.83,3191.83,3126.4,3126.4,316475893,3126.4,28875.389853
20220915,3248.97,3254.18,3174.39,3199.92,325206121,3199.92,26891.935447999997
20220914,3224.68,3250.8,3221.96,3237.54,255193365,3237.54,19524.701845999996
20220913,3272.05,3278.17,3259.66,3263.8,276189823,3263.8,13626.69093
20220909,3241.18,3266.2,3236.51,3262.05,283827665,3262.05,9487.572870000002
20220908,3245.56,3253.7,3233.8,3235.59,281680358,3235.59,11760.735946
20220907,3232.14,3253.77,3227.82,3246.29,301014466,3246.29,9026.919957999999
20220906,3207.93,3244.64,3203.82,3243.45,318869689,3243.45,13776.947224000001
20220905,3183.95,3199.91,3172.04,3199.91,280675633,3199.91,8775.029181
20220902,3189.64,3198.28,3173.79,3186.48,250456911,3186.48,8763.190545999998
20220901,3196.54,3214.56,3181.63,3184.98,274660541,3184.98,12636.186622000001
20220831,3216.53,3232.02,3184.39,3202.14,344408829,3202.14,12251.690918999997
20220830,3240.18,3243.75,3212.63,3227.22,294318914,3227.22,9564.68195
20220829,3203.1,3240.73,3199.0,3240.73,297015097,3240.73,15757.047756999998
20220826,3250.63,3266.27,3232.28,3236.22,309927554,3236.22,11140.695627000003
20220825,3223.46,3248.35,3199.12,3246.25,336196165,3246.25,11589.208954999998
20220824,3279.17,3281.88,3212.39,3215.2,366140577,3215.2,18696.125368999998
20220823,3274.43,3284.6,3262.63,3276.22,316566356,3276.22,10625.705499000002
20220822,3249.7,3278.17,3247.19,3277.79,314537869,3277.79,15571.579181999998
20220819,3275.62,3286.49,3258.06,3258.08,333535471,3258.08,11017.158227
20220818,3286.37,3289.14,3270.56,3277.54,301694778,3277.54,7179.042723
20220817,3282.1,3296.0,3263.35,3292.53,326124759,3292.53,7401.939891
20220816,3278.68,3295.02,3271.57,3277.88,303592274,3277.88,11618.659234000002
20220815,3268.37,3286.89,3261.82,3276.09,287106773,3276.09,14479.564394
20220812,3275.77,3288.22,3272.84,3276.89,299932928,3276.89,18316.616680999996
20220811,3243.47,3281.67,3237.9,3281.67,300605376,3281.67,16780.289899
20220810,3242.36,3253.17,3217.81,3230.02,257583592,3230.02,10511.246256
20220809,3235.74,3248.77,3227.54,3247.43,259605467,3247.43,8486.677031
20220808,3218.85,3237.97,3214.08,3236.93,254268050,3236.93,10166.258125
20220805,3195.23,3228.89,3184.45,3227.03,274683729,3227.03,8626.127736
20220804,3179.43,3191.0,3155.7,3189.04,260898943,3189.04,11989.137922999998
20220803,3188.89,3217.55,3159.46,3163.67,324885673,3163.67,17951.028929
20220802,3231.26,3231.26,3155.19,3186.27,394176168,3186.27,28168.968072999996
20220801,3246.62,3264.3,3225.55,3259.96,292204805,3259.96,7936.812913
20220729,3282.81,3294.8,3246.37,3253.24,307331047,3253.24,12509.832791
20220728,3287.5,3305.71,3277.11,3282.58,288055056,3282.58,11705.785637
20220727,3271.78,3282.57,3265.73,3275.76,249131485,3275.76,9376.379169
20220726,3254.19,3282.41,3246.04,3277.44,259468676,3277.44,7477.670225
20220725,3269.71,3273.18,3243.03,3250.39,271245744,3250.39,18805.646756000002
20220722,3276.2,3293.64,3246.73,3269.97,300690066,3269.97,10273.216319000001
20220721,3297.66,3300.53,3272.0,3272.0,332358707,3272.0,12473.914671
20220720,3291.55,3308.35,3287.74,3304.72,301515123,3304.72,11188.253076
20220719,3278.72,3283.93,3256.02,3279.43,315651918,3279.43,8557.536253999999
20220718,3235.09,3278.47,3226.23,3278.1,348346022,3278.1,10322.302338999998
20220715,3261.38,3288.92,3228.06,3228.06,380156371,3228.06,11448.816385
20220714,3277.45,3299.25,3261.49,3281.74,355926432,3281.74,15134.902567000001
20220713,3279.6,3297.02,3266.48,3284.29,331845669,3284.29,12378.642007
20220712,3307.22,3319.25,3277.08,3281.47,334600539,3281.47,14732.455290000002
20220711,3341.1,3341.1,3297.01,3313.58,342669193,3313.58,14156.256763999998
20220708,3380.37,3386.31,3354.12,3356.08,322921072,3356.08,9483.578123
20220707,3353.13,3375.86,3332.31,3364.4,334400202,3364.4,9628.668542
20220706,3391.03,3391.03,3333.1,3355.35,384630047,3355.35,16613.421917
20220705,3411.13,3424.84,3372.06,3404.03,411699672,3404.03,13967.431269
20220704,3381.82,3405.62,3364.09,3405.43,357737919,3405.43,9874.874732999999
20220701,3400.26,3404.05,3378.36,3387.64,350489299,3387.64,12240.791304999999
20220630,3358.93,3417.01,3358.93,3398.62,381243178,3398.62,10956.521859999997
20220629,3399.68,3414.65,3358.47,3361.52,440573559,3361.52,12559.734432
20220628,3377.68,3412.1,3358.87,3409.21,412056516,3409.21,10144.777702
20220627,3364.0,3393.31,3364.0,3379.19,414117738,3379.19,14477.752260000001
20220624,3324.74,3356.71,3322.95,3349.75,390819734,3349.75,10224.343468
20220623,3269.05,3320.15,3262.29,3320.15,400614211,3320.15,12495.020822999999
20220622,3309.12,3311.02,3266.54,3267.2,375529782,3267.2,12263.417134000003
20220621,3313.79,3329.39,3279.83,3306.72,394456891,3306.72,16572.490598
20220620,3315.78,3333.9,3292.93,3315.43,413460410,3315.43,12285.732653
20220617,3265.51,3323.28,3262.89,3316.79,395300700,3316.79,18695.816662
20220616,3306.84,3319.69,3277.53,3285.38,433220868,3285.38,11036.074527
20220615,3289.1,3358.55,3288.85,3305.41,550584131,3305.41,14841.997043999998
20220614,3224.21,3289.13,3195.82,3288.91,450388187,3288.91,14126.298153999998
20220613,3256.28,3272.99,3229.31,3255.55,438578312,3255.55,10874.420917
20220610,3214.18,3286.62,3210.81,3284.83,439865730,3284.83,12552.122957
20220609,3259.49,3270.56,3223.48,3238.95,422728372,3238.95,8477.976277
20220608,3245.02,3266.63,3216.01,3263.79,434183270,3263.79,9454.879918
20220607,3235.42,3253.09,3222.64,3241.76,402203220,3241.76,10912.599154999996
20220606,3196.96,3237.07,3181.65,3236.37,422027835,3236.37,15255.777258
20220602,3170.31,3197.28,3163.76,3195.46,361770632,3195.46,11260.918094999999
20220601,3179.69,3190.61,3160.04,3182.16,365664432,3182.16,8716.167367
20220531,3149.94,3188.6,3142.0,3186.43,374523265,3186.43,9597.848642
20220530,3141.96,3150.89,3123.15,3149.06,349362285,3149.06,7461.234515000001
20220527,3135.03,3151.05,3112.54,3130.24,359463866,3130.24,12310.944797
20220526,3111.48,3133.28,3079.48,3123.11,370305518,3123.11,13570.764195
20220525,3070.17,3107.63,3069.95,3107.46,342259227,3107.46,13118.114485999999
20220524,3149.06,3153.13,3070.93,3070.93,416312158,3070.93,17408.395565
20220523,3150.49,3150.51,3127.9,3146.86,353376325,3146.86,15604.280749000001
20220520,3107.09,3146.57,3107.09,3146.57,372336636,3146.57,16114.772455
20220519,3046.71,3096.96,3042.67,3096.96,336600749,3096.96,15299.023775
20220518,3095.89,3105.84,3071.3,3085.98,315037923,3085.98,10518.616619999999
20220517,3076.5,3093.7,3057.64,3093.7,330356537,3093.7,11752.608622000002
20220516,3100.55,3102.58,3063.4,3073.75,338108492,3073.75,9102.552615
20220513,3068.03,3086.1,3059.25,3084.28,331737852,3084.28,6965.7151109999995
20220512,3044.8,3072.16,3032.95,3054.99,344440477,3054.99,8456.359575999999
20220511,3035.39,3100.9,3034.67,3058.7,423991912,3058.7,18215.336526
20220510,2965.78,3043.78,2957.4,3035.84,370660980,3035.84,19025.665139000004
20220509,2990.2,3015.94,2983.61,3004.14,292061556,3004.14,9086.476865999999
20220506,3011.32,3030.69,2992.72,3001.56,343264218,3001.56,11464.048659
20220505,3044.85,3082.23,3042.12,3067.76,383072875,3067.76,10914.688482
20220429,2986.06,3048.49,2968.33,3047.06,423932794,3047.06,15900.905096
20220428,2945.81,2991.51,2936.79,2975.48,375371775,2975.48,14310.471053
20220427,2866.82,2959.18,2863.65,2958.28,423060191,2958.28,25172.055829999998
20220426,2930.45,2957.68,2878.26,2886.43,401615154,2886.43,38326.251049
20220425,3034.27,3043.82,2928.51,2928.51,433606108,2928.51,43824.279234
20220422,3058.4,3105.66,3049.36,3086.92,342000563,3086.92,13202.695421999999
20220421,3138.43,3160.9,3069.68,3079.81,391934694,3079.81,25176.509284
20220420,3189.89,3191.83,3142.05,3151.05,362047037,3151.05,12313.310542
20220419,3192.09,3207.83,3174.71,3194.03,339944104,3194.03,9166.040442
20220418,3185.94,3204.03,3166.98,3195.52,347365123,3195.52,7696.271269999999
20220415,3210.7,3229.87,3200.13,3211.24,407842082,3211.24,13571.535503999998
20220414,3203.63,3240.0,3200.23,3225.64,371242344,3225.64,8085.428891
20220413,3199.8,3225.47,3183.53,3186.82,391156925,3186.82,11134.945326000001
20220412,3165.12,3214.54,3140.9,3213.33,418321923,3213.33,12444.027047
20220411,3239.86,3239.86,3156.51,3167.13,424160185,3167.13,15480.676749999999
20220408,3239.88,3257.09,3208.35,3251.85,413826799,3251.85,8994.189876
20220407,3267.81,3290.26,3236.48,3236.7,402626660,3236.7,10707.298175999998
20220406,3269.43,3288.11,3255.69,3283.43,429642779,3283.43,6706.347472999999
20220401,3234.67,3287.23,3226.3,3282.72,378210460,3282.72,8710.260712000001
20220331,3256.14,3272.04,3246.06,3252.2,398439934,3252.2,10921.231741
20220330,3217.59,3266.6,3216.3,3266.6,366753677,3266.6,8496.728383999998
20220329,3216.01,3229.18,3196.46,3203.94,316273649,3203.94,13381.303044000002
20220328,3185.17,3230.22,3159.83,3214.5,344994873,3214.5,7609.028824999999
20220325,3247.16,3257.11,3211.64,3212.24,340020006,3212.24,9407.690529
20220324,3256.06,3266.89,3236.66,3250.26,329006654,3250.26,9008.068335999997
20220323,3264.79,3279.89,3251.98,3271.03,349875370,3271.03,22064.366547000005
20220322,3249.54,3279.11,3239.53,3259.86,361196158,3259.86,8197.691156
20220321,3255.62,3267.5,3223.39,3253.69,354228488,3253.69,10216.305257
20220318,3207.15,3260.78,3197.36,3251.07,373035611,3251.07,7465.586654000001
20220317,3215.01,3260.17,3202.93,3215.04,420813458,3215.04,13088.251186999998
20220316,3107.67,3177.79,3023.3,3170.71,444667189,3170.71,20325.851714
20220315,3192.36,3196.92,3063.97,3063.97,465037164,3063.97,29794.476951
20220314,3271.89,3297.8,3223.53,3223.53,337968687,3223.53,16865.830137999998
20220311,3259.32,3315.66,3217.42,3309.75,384067127,3309.75,10951.937285000004
20220310,3312.18,3326.58,3291.24,3296.09,378336376,3296.09,5001.056207
20220309,3303.71,3321.48,3147.68,3256.39,466285569,3256.39,18965.267122999998
20220308,3372.55,3383.63,3287.34,3293.53,415926766,3293.53,17764.648031
20220307,3438.56,3438.56,3360.74,3372.86,393588999,3372.86,12652.812479
20220304,3459.98,3474.88,3437.7,3447.65,393526581,3447.65,3471.391516
20220303,3495.93,3500.29,3473.34,3481.11,412594289,3481.11,5496.759252999999
20220302,3478.29,3486.62,3467.0,3484.19,329367684,3484.19,5951.452994
20220301,3471.36,3491.13,3465.72,3488.83,326001662,3488.83,3620.8933749999997
20220228,3450.32,3462.31,3425.52,3462.31,345838388,3462.31,5791.656642
20220225,3445.34,3480.18,3440.93,3451.41,377542556,3451.41,8031.770546
20220224,3474.37,3486.98,3400.21,3429.96,488354901,3429.96,6834.060499
20220223,3458.51,3490.76,3458.18,3489.15,325604895,3489.15,8849.131034999999
20220222,3473.29,3473.39,3437.67,3457.15,326279484,3457.15,10052.428744
20220221,3488.41,3492.2,3471.69,3490.61,301541740,3490.61,4822.227736
20220218,3451.63,3490.76,3447.03,3490.76,295149963,3490.76,8420.256752
20220217,3464.21,3480.97,3454.28,3468.04,297262682,3468.04,3796.943975
20220216,3457.07,3475.06,3453.8,3465.83,274993913,3465.83,8693.027727999997
20220215,3428.04,3447.49,3421.64,3446.09,275559322,3446.09,8186.985245999999
20220214,3451.85,3457.26,3415.45,3428.88,315274448,3428.88,7421.586544000001
20220211,3472.28,3500.15,3459.33,3462.95,361356090,3462.95,8927.244759
20220210,3481.91,3488.86,3464.22,3485.91,355666267,3485.91,10057.738687
20220209,3450.82,3484.74,3444.08,3479.95,350249936,3479.95,5053.263633000001
20220208,3428.54,3453.19,3390.46,3452.63,366093865,3452.63,4016.5071540000004
20220207,3407.76,3434.03,3407.76,3429.58,320485211,3429.58,4969.776952
20220128,3407.59,3417.05,3356.56,3361.44,290855257,3361.44,9130.169576999999
20220127,3456.1,3456.36,3392.02,3394.25,280606534,3394.25,25318.155936
20220126,3442.69,3462.12,3417.76,3455.67,275122828,3455.67,10060.906823
20220125,3509.28,3519.83,3433.06,3433.06,327353813,3433.06,15928.93339
20220124,3508.24,3531.61,3500.14,3524.11,280268342,3524.11,4051.531201
20220121,3546.75,3547.0,3514.89,3522.57,326534880,3522.57,13285.725289
20220120,3556.23,3576.26,3540.55,3555.06,379509846,3555.06,12108.637159
20220119,3567.63,3578.73,3541.66,3558.18,333235269,3558.18,7357.289852999999
20220118,3541.89,3579.31,3531.33,3569.91,377146435,3569.91,9719.367589000001
20220117,3522.09,3546.09,3519.43,3541.67,312886733,3541.67,7726.063915
20220114,3544.07,3548.42,3519.32,3521.26,376937024,3521.26,13417.580025000001
20220113,3601.03,3601.07,3555.16,3555.26,369368365,3555.26,13346.804989
20220112,3578.16,3599.5,3572.1,3597.43,343132956,3597.43,8686.812725
20220111,3589.9,3602.15,3562.75,3567.44,359761863,3567.44,9841.233944
20220110,3572.74,3593.52,3555.13,3593.52,356222610,3593.52,10247.796443
20220107,3588.99,3607.23,3577.1,3579.54,436306961,3579.54,26293.623205
20220106,3581.22,3594.49,3559.88,3586.08,371540543,3586.08,15191.50241
20220105,3628.26,3628.26,3583.47,3595.18,423902028,3595.18,12203.672564999999
20220104,3649.15,3651.89,3610.09,3632.33,405027769,3632.33,12140.155355
20211231,3626.24,3642.84,3624.94,3639.78,329681932,3639.78,9432.125909999999
20211230,3596.49,3628.92,3595.5,3619.19,307839291,3619.19,12997.716369
20211229,3630.92,3630.92,3596.32,3597.0,305131766,3597.0,9644.624333
20211228,3619.64,3631.08,3607.36,3630.11,316202242,3630.11,5995.841889
20211227,3613.05,3632.19,3601.94,3615.97,329235293,3615.97,11320.025554000002
20211224,3645.39,3648.96,3612.07,3618.05,390347625,3618.05,10654.851448
20211223,3625.47,3643.55,3618.05,3643.34,382925734,3643.34,12535.678096
20211222,3632.68,3635.9,3616.55,3622.62,394825177,3622.62,5655.4643559999995
20211221,3591.45,3627.09,3591.45,3625.13,408184348,3625.13,12568.965388
20211220,3620.04,3643.95,3589.36,3593.6,423851410,3593.6,11708.736064
20211217,3670.26,3673.65,3631.66,3632.36,408487837,3632.36,13799.459799000002
20211216,3648.93,3675.02,3644.66,3675.02,381329507,3675.02,14059.151276
20211215,3655.05,3668.4,3645.24,3647.63,377477667,3647.63,5177.723774000002
20211214,3669.81,3671.68,3654.66,3661.53,362171934,3661.53,11268.08703
20211213,3686.94,3708.94,3678.06,3681.08,424092009,3681.08,9630.618609
20211210,3654.37,3667.85,3651.35,3666.35,419988801,3666.35,14429.710141000001
20211209,3641.16,3688.4,3638.7,3673.04,431918157,3673.04,13038.032433
20211208,3602.82,3637.72,3591.99,3637.57,361036657,3637.57,8916.611751999999
20211207,3611.22,3614.22,3572.57,3595.09,403842594,3595.09,7805.733636000001
20211206,3615.24,3626.13,3586.81,3589.31,418676743,3589.31,7044.950589
20211203,3576.45,3608.47,3573.21,3607.43,377551048,3607.43,8102.732986
20211202,3573.25,3586.87,3567.14,3573.84,354041524,3573.84,12090.640048000001
20211201,3561.89,3576.89,3558.69,3576.89,329873517,3576.89,10009.434659999999
20211130,3570.75,3582.11,3546.36,3563.89,349187938,3563.89,10836.423705000001
20211129,3528.67,3563.68,3526.36,3562.7,333618331,3562.7,5461.729383000001
20211126,3576.11,3576.11,3554.88,3564.09,301000066,3564.09,6991.838262
20211125,3593.39,3597.15,3579.53,3584.18,306451518,3584.18,10008.991704
20211124,3590.02,3602.74,3575.29,3592.7,336775246,3592.7,8967.964062000001
20211123,3580.51,3598.37,3577.36,3589.09,360011593,3589.09,8594.748983000001
20211122,3562.76,3585.19,3562.75,3582.08,330009385,3582.08,9743.568420000003
20211119,3519.28,3561.91,3517.65,3560.37,317989976,3560.37,7457.431445
20211118,3531.49,3537.98,3513.11,3520.71,312426927,3520.71,5052.393787999999
20211117,3518.56,3537.51,3513.52,3537.37,276735671,3537.37,10191.291882000001
20211116,3530.46,3549.77,3517.81,3521.79,310399909,3521.79,5238.119792999999
20211115,3542.9,3550.44,3521.29,3533.3,313017612,3533.3,4298.23364
20211112,3534.15,3543.65,3527.39,3539.1,308683354,3539.1,2461.190083
20211111,3486.45,3534.2,3482.83,3532.79,322087957,3532.79,7366.761541999999
20211110,3498.94,3498.94,3448.44,3492.46,307030708,3492.46,13066.025737
20211109,3507.11,3514.95,3489.04,3507.0,287315989,3507.0,8212.391173
20211108,3491.97,3507.27,3484.24,3498.63,298183722,3498.63,6395.826761
20211105,3520.21,3525.87,3491.46,3491.57,354533565,3491.57,4902.246961999999
20211104,3505.89,3527.95,3503.01,3526.87,319440829,3526.87,8638.321788
20211103,3501.11,3512.61,3480.49,3498.54,306607669,3498.54,9909.741499
20211102,3543.38,3559.05,3477.66,3505.63,417563173,3505.63,13655.908922
20211101,3530.4,3556.59,3519.29,3544.48,382251325,3544.48,6302.624824
20211029,3519.33,3547.34,3502.8,3547.34,358809377,3547.34,8670.11495
20211028,3548.7,3552.04,3509.49,3518.42,378171666,3518.42,13392.340661999999
20211027,3589.86,3589.86,3553.13,3562.31,350620940,3562.31,7794.864084000001
20211026,3612.83,3625.02,3589.71,3597.64,337278291,3597.64,5896.994445
20211025,3574.26,3611.09,3564.21,3609.86,321196816,3609.86,6033.017876
20211022,3594.75,3607.58,3578.76,3582.6,353157203,3582.6,5002.525323999999
20211021,3590.05,3610.96,3576.35,3594.78,352310867,3594.78,6895.693764
20211020,3583.24,3596.05,3574.3,3587.0,344245008,3587.0,2235.136954
20211019,3562.3,3596.79,3560.62,3593.15,334197652,3593.15,2251.088553
20211018,3571.05,3571.05,3539.48,3568.14,340950616,3568.14,4353.570068
20211015,3551.99,3578.77,3542.69,3572.37,320292984,3572.37,4477.354464
20211014,3555.11,3569.69,3547.18,3558.28,294969196,3558.28,5402.559322000001
20211013,3543.49,3569.13,3515.65,3561.76,325050667,3561.76,5573.956642000001
20211012,3581.3,3583.64,3515.14,3546.94,405393748,3546.94,13657.567379999999
20211011,3600.36,3614.7,3586.75,3591.71,394361159,3591.71,5170.006831
20211008,3609.09,3612.55,3571.73,3592.17,407161148,3592.17,5701.7898399999995
20210930,3541.93,3572.43,3541.93,3568.17,395629626,3568.17,3716.503208
20210929,3573.52,3573.52,3518.05,3536.29,452511151,3536.29,9613.617845
20210928,3577.89,3610.92,3568.82,3602.22,444168807,3602.22,5811.018753000001
20210927,3625.96,3640.81,3559.92,3582.83,510802795,3582.83,8364.139137
20210924,3637.87,3651.43,3607.79,3613.07,507304772,3613.07,15150.674672
20210923,3651.27,3670.95,3632.28,3642.22,534995486,3642.22,9125.388549
20210922,3563.21,3629.45,3560.5,3628.49,472296053,3628.49,7734.621959
20210917,3595.27,3620.96,3569.27,3613.97,516850210,3613.97,10067.943664
20210916,3664.84,3677.92,3606.73,3607.09,546741474,3607.09,14570.920094000003
20210915,3651.16,3677.53,3638.32,3656.22,474970001,3656.22,10434.168678
20210914,3709.63,3723.85,3655.63,3662.6,564952386,3662.6,13404.760110000001
20210913,3699.25,3716.83,3692.82,3715.37,557484019,3715.37,6988.287534
20210910,3691.19,3722.87,3681.64,3703.11,635200433,3703.11,8884.728289
20210909,3666.82,3693.45,3662.16,3693.13,604810330,3693.13,10930.529342
20210908,3673.4,3695.32,3661.0,3675.19,586436193,3675.19,9289.103799
20210907,3621.71,3681.93,3615.14,3676.59,547721875,3676.59,10413.033018999999
20210906,3580.14,3626.29,3580.14,3621.86,521713276,3621.86,8016.035610999998
20210903,3602.74,3613.95,3569.4,3581.73,614532353,3581.73,7959.079228999999
20210902,3559.9,3597.37,3557.68,3597.04,572684039,3597.04,8193.270668
20210901,3543.87,3582.32,3514.67,3567.1,667276305,3567.1,7798.8992849999995
20210831,3519.02,3543.94,3496.39,3543.94,524205056,3543.94,9358.945190999999
20210830,3535.07,3539.49,3512.99,3528.15,512785716,3528.15,5651.127322
20210827,3494.42,3530.19,3493.38,3522.16,455345906,3522.16,11948.450551999998
20210826,3537.31,3537.32,3499.45,3501.66,502903147,3501.66,8783.36119
20210825,3517.92,3540.39,3510.07,3540.38,450047019,3540.38,6824.865699
20210824,3482.27,3522.7,3481.14,3514.47,430236463,3514.47,9697.529875
20210823,3436.8,3481.25,3436.67,3477.13,384727440,3477.13,12067.090613
20210820,3442.51,3453.15,3394.97,3427.33,391136918,3427.33,15395.748564999998
20210819,3475.3,3480.46,3446.01,3465.55,382383031,3465.55,9693.793381999998
20210818,3442.35,3487.44,3437.69,3485.29,389203756,3485.29,11251.904132
20210817,3512.11,3531.72,3438.12,3446.98,422885804,3446.98,12700.014648000002
20210816,3514.34,3537.85,3510.9,3517.34,391099721,3517.34,8493.233918
20210813,3514.47,3540.08,3500.8,3516.3,378187282,3516.3,12977.816412999999
20210812,3522.72,3538.4,3513.45,3524.74,381074593,3524.74,9382.829238
20210811,3527.11,3544.09,3524.04,3532.62,383783554,3532.62,8185.523445999999
20210810,3488.66,3529.93,3477.06,3529.93,345112992,3529.93,6588.528194
20210809,3441.75,3502.84,3438.7,3494.63,349910094,3494.63,6997.957240999999
20210806,3465.48,3466.39,3436.93,3458.23,336824400,3458.23,5581.895189000001
20210805,3461.72,3486.16,3449.39,3466.55,348436922,3466.55,9370.727034000001
20210804,3442.94,3477.6,3440.78,3477.22,348744218,3477.22,8950.478192999999
20210803,3446.78,3470.66,3435.46,3447.99,400698081,3447.99,6905.1898280000005
20210802,3385.69,3464.29,3367.64,3464.29,432927871,3464.29,6644.377982
20210730,3398.2,3404.88,3370.45,3397.36,381440956,3397.36,8104.884114000001
20210729,3403.84,3416.61,3382.57,3411.72,344569428,3411.72,8956.211468
20210728,3355.82,3385.54,3312.72,3361.59,395825419,3361.59,12760.973609999997
20210727,3467.45,3483.87,3380.28,3381.18,469075443,3381.18,22736.985271999998
20210726,3538.01,3538.01,3424.74,3467.44,442882203,3467.44,16137.17172
20210723,3571.72,3571.85,3541.51,3550.4,446421246,3550.4,14669.604811000001
20210722,3563.66,3576.47,3558.29,3574.73,381067054,3574.73,11901.760009999998
20210721,3543.05,3569.09,3543.05,3562.66,338978748,3562.66,11667.237638
20210720,3515.07,3538.64,3509.19,3536.79,293780594,3536.79,8887.062966999998
20210719,3530.49,3544.88,3506.34,3539.12,336760946,3539.12,8099.343932
20210716,3559.53,3566.0,3537.73,3539.3,366014779,3539.3,9497.351761
20210715,3519.06,3565.93,3514.26,3564.59,363259164,3564.59,10511.995935000003
20210714,3560.83,3560.83,3525.49,3528.5,372221722,3528.5,15001.123589
20210713,3547.59,3567.48,3542.82,3566.52,362416711,3566.52,10797.653717999998
20210712,3545.2,3565.03,3527.39,3547.84,403639558,3547.84,9608.891838
20210709,3512.23,3529.31,3485.05,3524.09,349884317,3524.09,10288.315864999999
20210708,3557.22,3558.68,3521.06,3525.5,350877857,3525.5,12838.114378
20210707,3508.59,3557.88,3504.47,3553.72,318839189,3553.72,11468.148289
20210706,3533.13,3538.35,3496.93,3530.26,314070211,3530.26,9853.600235
20210705,3516.92,3534.32,3510.58,3534.32,288094837,3534.32,8301.018218000001
20210702,3569.89,3569.89,3514.34,3518.76,291945548,3518.76,16720.169044
20210701,3600.55,3607.7,3573.94,3588.78,291883192,3588.78,10814.664166999999
20210630,3572.62,3594.12,3569.5,3591.2,268162818,3591.2,11497.707037
20210629,3601.68,3601.83,3570.53,3573.18,306071178,3573.18,7617.063765
20210628,3612.25,3614.36,3594.22,3606.37,321274974,3606.37,5850.578448000001
20210625,3567.38,3614.3,3564.52,3607.56,346087832,3607.56,5166.169086000001
20210624,3568.58,3570.49,3548.82,3566.65,335440754,3566.65,7799.770451
20210623,3559.4,3577.47,3549.85,3566.22,310709518,3566.22,10916.967536
20210622,3539.79,3560.19,3536.81,3557.41,307536399,3557.41,8232.039722
20210621,3515.5,3540.3,3504.01,3529.18,280898277,3529.18,8349.928220999998
20210618,3520.5,3535.62,3503.18,3525.1,296708585,3525.1,3958.106617
20210617,3508.32,3534.2,3507.35,3525.6,277229918,3525.6,7278.029340000001
20210616,3556.71,3561.09,3513.56,3518.33,312597306,3518.33,16182.112038000001
20210615,3587.47,3592.95,3547.19,3556.56,349168566,3556.56,6920.7226359999995
20210611,3614.11,3614.4,3587.15,3589.75,360554970,3589.75,7817.618305000001
20210610,3587.53,3624.34,3584.13,3610.86,318174808,3610.86,6405.943169
20210609,3576.8,3598.71,3572.64,3591.4,298323296,3591.4,7568.263095
20210608,3598.75,3621.52,3563.25,3580.11,304491470,3580.11,8435.262128999999
20210607,3597.14,3600.38,3581.9,3599.54,303718677,3599.54,8582.954766
20210604,3565.47,3618.8,3561.89,3591.84,330893038,3591.84,10992.108434
20210603,3595.42,3618.51,3584.21,3584.21,354233031,3584.21,12981.752535
20210602,3626.33,3629.29,3584.6,3597.14,348558420,3597.14,11285.184461
20210601,3608.6,3626.07,3581.91,3624.71,352811413,3624.71,13335.977468000003
20210531,3600.07,3615.66,3580.65,3615.48,331523770,3615.48,12264.503819000003
20210528,3610.77,3622.18,3582.36,3600.78,349208830,3600.78,8742.819723
20210527,3585.73,3626.36,3579.26,3608.85,309551486,3608.85,13578.187446999998
20210526,3586.84,3603.49,3585.37,3593.36,341980288,3593.36,9585.687525000001
20210525,3502.54,3584.58,3502.44,3581.34,341241127,3581.34,8864.059281000002
20210524,3486.27,3498.3,3469.87,3497.28,289509242,3497.28,6357.834494000001
20210521,3510.84,3518.38,3479.67,3486.56,283826285,3486.56,7809.821771
20210520,3500.88,3517.74,3486.07,3506.94,326009333,3506.94,8428.745701
20210519,3521.11,3521.11,3503.82,3510.96,278321117,3510.96,8921.786017
20210518,3520.65,3529.01,3510.86,3529.01,271308558,3529.01,10659.208496000001
20210517,3490.41,3530.51,3490.14,3517.62,322135969,3517.62,10902.074426999998
20210514,3436.09,3490.64,3422.56,3490.38,336982309,3490.38,11142.791103000001
20210513,3432.14,3448.02,3418.38,3429.54,319325327,3429.54,15043.175546
20210512,3429.75,3466.37,3428.39,3462.75,311444547,3462.75,9257.569209999998
20210511,3406.6,3448.1,3384.7,3441.85,350934112,3441.85,11779.713538999997
20210510,3423.59,3429.74,3401.93,3427.99,374170884,3427.99,8753.576731000001
20210507,3446.41,3457.89,3416.78,3418.87,353785389,3418.87,12482.119471
20210506,3446.07,3471.24,3426.85,3441.28,310424192,3441.28,4848.878047
20210430,3468.3,3469.09,3426.9,3446.86,312660354,3446.86,7774.480361
20210429,3458.08,3478.23,3447.59,3474.9,276631387,3474.9,6514.909046
20210428,3432.16,3457.07,3423.32,3457.07,247381120,3457.07,6790.197206
20210427,3440.09,3443.85,3417.26,3442.61,253032393,3442.61,4803.412676999999
20210426,3484.11,3497.12,3438.57,3441.17,276970771,3441.17,8827.390544999998
20210423,3462.09,3482.36,3456.33,3474.17,249360433,3474.17,6291.970347999999
20210422,3482.83,3485.36,3456.32,3465.11,251114510,3465.11,5745.291456
20210421,3456.3,3481.25,3450.11,3472.93,253777859,3472.93,11416.304394
20210420,3467.15,3494.3,3463.46,3472.94,285300082,3472.94,7883.939203
20210419,3427.55,3479.01,3414.36,3477.55,302735819,3477.55,10917.486074
20210416,3407.19,3432.63,3394.13,3426.62,258579672,3426.62,6987.878142999999
20210415,3409.61,3409.61,3373.09,3398.99,234005054,3398.99,13976.606882
20210414,3397.02,3420.03,3392.98,3416.72,233242327,3416.72,7886.382139000001
20210413,3411.29,3425.39,3387.9,3396.47,270626054,3396.47,8086.642992
20210412,3445.97,3456.16,3403.9,3412.95,309577239,3412.95,9603.028366
20210409,3475.44,3475.45,3442.14,3450.68,280085196,3450.68,5767.245092
20210408,3467.49,3495.91,3459.32,3482.55,331755329,3482.55,7075.223541
20210407,3483.42,3483.42,3453.19,3479.63,295786978,3479.63,5701.698976
20210406,3491.63,3493.28,3471.76,3482.97,234746671,3482.97,7327.302052
20210402,3472.63,3487.59,3462.83,3484.39,262654873,3484.39,7594.255712
20210401,3444.81,3470.03,3438.83,3466.33,275244295,3466.33,8683.749714
20210331,3452.21,3452.21,3420.83,3441.91,283049261,3441.91,13377.238005000003
20210330,3432.53,3457.63,3423.32,3456.68,285423081,3456.68,7144.323536
20210329,3429.63,3449.83,3409.89,3435.3,284824243,3435.3,5196.997207
20210326,3373.32,3423.22,3373.32,3418.33,274614987,3418.33,14886.668783
20210325,3355.07,3382.23,3344.97,3363.59,270676097,3363.59,11309.777707
20210324,3394.13,3415.29,3362.18,3367.06,317398697,3367.06,9356.33182
20210323,3445.34,3445.42,3390.05,3411.51,326389409,3411.51,10532.234557
20210322,3406.12,3443.66,3404.23,3443.44,312559084,3443.44,14449.944816000001
20210319,3423.87,3439.52,3389.29,3404.66,309161716,3404.66,12637.253012
20210318,3449.64,3478.14,3449.38,3463.07,284403891,3463.07,6343.6309759999995
20210317,3435.73,3454.06,3410.28,3445.55,280059818,3445.55,7942.503367
20210316,3424.65,3448.88,3406.17,3446.73,316668747,3446.73,8058.184094999999
20210315,3441.88,3457.49,3392.51,3419.95,367813293,3419.95,9992.649229
20210312,3447.2,3454.51,3417.24,3453.08,358027035,3453.08,9458.873947
20210311,3369.9,3436.83,3369.9,3436.83,322112044,3436.83,13752.313004
20210310,3389.84,3397.03,3354.82,3357.74,299749166,3357.74,11991.989076999998
20210309,3415.34,3429.15,3328.31,3359.29,407652539,3359.29,23227.989502999997
20210308,3524.98,3542.3,3421.22,3421.41,387047954,3421.41,14560.647754000001
20210305,3463.31,3523.57,3456.67,3501.99,356409223,3501.99,10845.486814
20210304,3546.64,3552.2,3487.38,3503.49,393616120,3503.49,11525.670919
20210303,3500.16,3577.62,3498.72,3576.9,347656846,3576.9,8394.979122
20210302,3566.85,3566.85,3485.36,3508.59,339830486,3508.59,10911.931528000001
20210301,3531.48,3552.57,3511.99,3551.4,315487526,3551.4,7193.970292
20210226,3514.56,3550.41,3500.7,3509.08,333280067,3509.08,14409.947922
20210225,3595.54,3608.56,3568.47,3585.05,366232299,3585.05,11118.388223999998
20210224,3638.94,3645.65,3531.59,3564.08,362158952,3564.08,16531.623702
20210223,3617.7,3672.15,3617.7,3636.36,398873174,3636.36,9127.118051000001
20210222,3707.19,3717.27,3642.44,3642.44,488821478,3642.44,12110.223972999998
20210219,3661.78,3699.65,3634.01,3696.17,361059804,3696.17,6212.6331979999995
20210218,3721.09,3731.69,3663.66,3675.36,340309065,3675.36,5876.446910000001
20210210,3612.61,3662.77,3612.5,3655.09,257940824,3655.09,6876.992595000001
20210209,3539.77,3604.01,3528.68,3603.49,253821760,3603.49,9236.462456
20210208,3504.56,3542.21,3492.13,3532.45,249799619,3532.45,4056.9255479999997
20210205,3509.49,3536.54,3492.96,3496.33,290146174,3496.33,10687.877607
20210204,3503.78,3524.72,3465.77,3501.86,298834854,3501.86,12099.447812999999
20210203,3531.15,3544.01,3508.51,3517.31,297351716,3517.31,8273.503669
20210202,3510.81,3535.5,3495.57,3533.68,264540630,3533.68,5618.972564000001
20210201,3477.17,3506.39,3469.88,3505.28,277567901,3505.28,7510.643734999999
20210129,3521.72,3531.6,3446.55,3483.07,293662664,3483.07,5657.876724
20210128,3534.67,3549.54,3496.88,3505.18,270862461,3505.18,10026.233312999999
20210127,3567.55,3578.8,3546.49,3573.34,264107161,3573.34,8542.842459
20210126,3610.97,3610.97,3564.74,3569.43,278139884,3569.43,12401.97479
20210125,3605.36,3637.1,3591.02,3624.24,327341070,3624.24,8318.877611999998
20210122,3616.54,3616.54,3585.03,3606.75,324463084,3606.75,9123.168663000002
20210121,3590.92,3636.24,3585.8,3621.26,327466995,3621.26,8499.441016
20210120,3564.12,3589.96,3556.44,3583.09,272271661,3583.09,9906.890855
20210119,3596.36,3603.15,3553.02,3566.38,323439541,3566.38,7625.525457
20210118,3554.8,3608.77,3544.26,3596.22,301652565,3596.22,7678.178294
20210115,3566.28,3589.27,3533.79,3566.38,324612744,3566.38,7506.431498000001
20210114,3584.93,3599.06,3559.6,3565.9,347666819,3565.9,4834.3531840000005
20210113,3613.28,3622.35,3575.59,3598.65,388127791,3598.65,8757.871463
20210112,3518.01,3608.34,3517.47,3608.34,323406153,3608.34,6176.617096
20210111,3571.32,3597.7,3516.99,3531.5,362479154,3531.5,8685.373089
20210108,3577.69,3588.06,3544.89,3570.11,345557896,3570.11,6064.665610999999
20210107,3552.91,3576.2,3526.62,3576.2,405348226,3576.2,8171.236117999999
20210106,3530.91,3556.8,3513.13,3550.88,370230926,3550.88,11377.864101
20210105,3492.19,3528.68,3484.72,3528.68,407995934,3528.68,7489.753555
20210104,3474.68,3511.66,3457.21,3502.96,380790800,3502.96,7033.339124
20201231,3419.73,3474.92,3419.73,3473.07,335673926,3473.07,6964.62297
20201230,3375.01,3414.45,3374.42,3414.45,291023543,3414.45,8679.756605
20201229,3399.29,3407.09,3376.09,3379.04,311769185,3379.04,6620.996819
20201228,3396.36,3412.52,3383.65,3397.29,316181542,3397.29,10172.333321000002
20201225,3351.79,3397.01,3348.35,3396.56,294546895,3396.56,8551.491023999999
20201224,3382.19,3394.07,3354.02,3363.11,275044450,3363.11,8323.719351
20201223,3362.47,3394.21,3360.2,3382.32,299523527,3382.32,10509.021386999999
20201222,3410.97,3415.75,3353.86,3356.78,323037654,3356.78,11325.472874
20201221,3394.39,3423.61,3381.12,3420.57,283759794,3420.57,0.0
20201218,3400.49,3413.81,3382.75,3394.9,280992641,3394.9,0.0
20201217,3367.28,3406.15,3354.01,3404.87,275463631,3404.87,0.0
20201216,3371.26,3378.66,3359.17,3366.98,220813976,3366.98,0.0
20201215,3366.58,3373.56,3348.42,3367.23,225667402,3367.23,0.0
20201214,3349.53,3371.13,3338.63,3369.12,239807926,3369.12,0.0
20201211,3381.01,3383.18,3325.17,3347.19,298617158,3347.19,0.0
20201210,3365.73,3384.89,3357.75,3373.28,247308304,3373.28,0.0
20201209,3416.08,3422.54,3371.92,3371.96,260747424,3371.96,0.0
20201208,3417.69,3428.66,3403.03,3410.18,226907328,3410.18,0.0
20201207,3446.65,3449.58,3414.31,3416.6,254522508,3416.6,0.0
20201204,3436.73,3448.4,3417.05,3444.58,256276705,3444.58,0.0
20201203,3448.54,3452.16,3428.8,3442.14,298459930,3442.14,0.0
20201202,3453.52,3465.73,3435.87,3449.38,312811114,3449.38,0.0
20201201,3388.99,3457.64,3386.91,3451.94,316188980,3451.94,0.0
20201130,3418.16,3456.74,3391.76,3391.76,384989968,3391.76,0.0
20201127,3373.84,3408.31,3364.49,3408.31,280649894,3408.31,0.0
20201126,3360.06,3371.45,3344.28,3369.73,255886822,3369.73,0.0
20201125,3417.51,3423.49,3362.33,3362.33,322110207,3362.33,0.0
20201124,3407.41,3413.93,3396.24,3402.82,300994144,3402.82,0.0
20201123,3384.1,3431.65,3377.99,3414.49,373872047,3414.49,0.0
20201120,3359.6,3380.15,3356.31,3377.73,261271219,3377.73,0.0
20201119,3339.09,3367.33,3330.45,3363.09,253262992,3363.09,0.0
20201118,3337.33,3358.89,3333.99,3347.3,287531259,3347.3,0.0
20201117,3347.15,3347.7,3323.95,3339.89,283632479,3339.89,0.0
20201116,3325.62,3346.97,3313.65,3346.97,279593761,3346.97,0.0
20201113,3327.23,3327.23,3291.64,3310.1,227898364,3310.1,0.0
20201112,3344.46,3350.28,3329.49,3338.68,216501309,3338.68,0.0
20201111,3354.02,3365.84,3339.04,3342.2,271204653,3342.2,0.0
20201110,3387.62,3387.62,3346.17,3360.15,278701113,3360.15,0.0
20201109,3329.43,3380.82,3329.43,3373.73,310219771,3373.73,0.0
20201106,3326.46,3326.46,3292.15,3312.16,234864132,3312.16,0.0
20201105,3305.58,3320.41,3291.6,3320.13,226801462,3320.13,4828.468167
20201104,3273.43,3286.62,3254.11,3277.44,188514128,3277.44,685.17632
20201103,3239.81,3278.38,3237.85,3271.07,215297864,3271.07,0.0
20201102,3228.72,3242.8,3209.91,3225.12,226779137,3225.12,0.0
20201030,3278.63,3279.86,3219.42,3224.53,230188803,3224.53,0.0
20201029,3235.76,3289.77,3231.12,3272.73,184703589,3272.73,0.0
20201028,3256.22,3275.87,3238.38,3269.24,173181965,3269.24,0.0
20201027,3240.74,3258.34,3235.54,3254.32,149115566,3254.32,961.579712
20201026,3258.7,3264.45,3226.6,3251.12,167731795,3251.12,2344.480068
20201023,3308.16,3326.05,3276.62,3278.0,174208982,3278.0,0.0
20201022,3315.82,3320.88,3281.37,3312.5,165949987,3312.5,501.24661799999996
20201021,3332.15,3332.15,3304.17,3325.02,177632115,3325.02,1389.047125
20201020,3307.15,3328.1,3293.77,3328.1,165084762,3328.1,2540.9808789999997
20201019,3351.1,3371.09,3307.84,3312.67,212303540,3312.67,1764.6021460000002
20201016,3334.46,3348.95,3319.11,3336.36,194295421,3336.36,316.88755299999997
20201015,3342.92,3354.58,3330.0,3332.18,191031282,3332.18,2452.8555509999997
20201014,3353.62,3353.62,3332.96,3340.78,198659382,3340.78,1226.281184
20201013,3353.12,3361.83,3334.5,3359.75,204926103,3359.75,2826.573469
20201012,3287.33,3359.15,3286.11,3358.47,259622408,3358.47,13674.003684
20201009,3262.61,3280.51,3260.19,3272.08,188325648,3272.08,9067.655428999999
20200930,3232.71,3244.91,3202.34,3218.05,153504457,3218.05,11951.177489000002
20200929,3231.86,3242.79,3219.79,3224.36,151349870,3224.36,10214.514247000001
20200928,3224.98,3238.18,3210.89,3217.53,155982783,3217.53,10590.010271
20200925,3234.37,3239.47,3208.03,3219.42,164822419,3219.42,9578.278331000001
20200924,3262.88,3265.35,3221.24,3223.18,206736011,3223.18,17316.122163999997
20200923,3278.84,3289.76,3264.89,3279.71,169178068,3279.71,8908.917172
20200922,3290.67,3320.23,3265.7,3274.3,214015065,3274.3,10792.026187
20200921,3348.9,3350.59,3313.07,3316.94,216503093,3316.94,12762.092997
20200918,3270.91,3338.32,3268.53,3338.09,256260788,3338.09,13602.699824
20200917,3277.32,3290.41,3248.5,3270.43,202931972,3270.43,13743.195653000002
20200916,3293.17,3302.46,3271.07,3283.92,200443364,3283.92,12092.099159000001
20200915,3277.13,3297.69,3263.75,3295.68,197684400,3295.68,11622.73214
20200914,3275.92,3283.53,3261.15,3278.81,213924137,3278.81,8121.719201000001
20200911,3225.78,3262.5,3220.54,3260.35,221698830,3260.35,11259.579198000001
20200910,3282.23,3285.47,3227.64,3234.82,312472804,3234.82,12362.035009000001
20200909,3281.0,3289.61,3238.56,3254.63,351509747,3254.63,16832.334376
20200908,3301.22,3324.39,3276.44,3316.42,271066278,3316.42,20729.968904
20200907,3349.92,3368.24,3285.63,3292.59,260616567,3292.59,16564.301362000002
20200904,3336.41,3360.11,3328.55,3355.37,221636550,3355.37,19264.432319999996
20200903,3404.03,3425.63,3374.26,3384.98,255346279,3384.98,15730.993701000001
20200902,3420.47,3421.4,3377.21,3404.8,261546319,3404.8,25969.048757000008
20200901,3389.74,3410.61,3381.71,3410.61,246999249,3410.61,7351.142695
20200831,3416.55,3442.74,3395.47,3395.68,323473890,3395.68,11674.711992999999
20200828,3346.29,3405.88,3339.65,3403.81,271325549,3403.81,11931.442841000002
20200827,3333.49,3351.83,3312.99,3350.11,237099353,3350.11,12921.371528
20200826,3371.81,3382.6,3320.14,3329.74,294451036,3329.74,15312.278599000001
20200825,3392.88,3408.87,3364.16,3373.58,277113421,3373.58,11930.725975
20200824,3391.11,3396.57,3368.03,3385.64,266227841,3385.64,5458.389577999999
20200821,3380.23,3393.92,3358.0,3380.68,287488340,3380.68,10083.100260000001
20200820,3385.96,3394.56,3352.78,3363.9,335600982,3363.9,12629.089802999999
20200819,3444.56,3454.46,3406.16,3408.13,405722214,3408.13,16127.464941
20200818,3441.93,3456.72,3432.64,3451.09,380729275,3451.09,9858.573944
20200817,3373.9,3450.9,3369.37,3438.8,434598260,3438.8,21016.417862000002
20200814,3315.67,3362.03,3302.74,3360.1,305998376,3360.1,8574.909461999998
20200813,3328.18,3338.15,3309.46,3320.73,324291278,3320.73,10148.582168
20200812,3327.49,3335.73,3263.27,3319.27,378328959,3319.27,14267.576722999998
20200811,3379.49,3409.06,3336.09,3340.29,400452706,3340.29,9542.487186999999
20200810,3341.53,3399.93,3335.04,3379.25,381379630,3379.25,8000.425966999999
20200807,3370.59,3374.13,3307.71,3354.04,403929633,3354.04,6679.919201
20200806,3380.76,3392.7,3334.33,3386.46,415302510,3386.46,13869.656136000001
20200805,3363.33,3383.64,3333.88,3377.56,385823027,3377.56,11758.930959
20200804,3376.44,3391.07,3352.5,3371.69,442328551,3371.69,12706.289169
20200803,3332.18,3368.1,3327.68,3367.97,407460867,3367.97,9668.901464
20200731,3280.8,3333.79,3261.61,3310.01,353758979,3310.01,6960.084732999999
20200730,3299.57,3312.45,3282.16,3286.82,340704121,3286.82,9350.312576999999
20200729,3221.99,3294.55,3209.99,3294.55,324924062,3294.55,14274.199345999998
20200728,3226.13,3245.3,3208.49,3227.96,289377861,3227.96,9601.581262
20200727,3210.39,3221.98,3174.66,3205.23,299319021,3205.23,10461.377871
20200724,3310.64,3319.13,3184.96,3196.77,427054026,3196.77,19010.781202
20200723,3306.15,3336.3,3257.83,3325.11,407042499,3325.11,13542.595804999999
20200722,3315.18,3381.98,3311.79,3333.16,393335335,3333.16,10524.371582999996
20200721,3330.55,3336.68,3300.57,3320.89,359252029,3320.89,10942.795629
20200720,3243.91,3314.15,3220.68,3314.15,418555306,3314.15,16095.404053
20200717,3214.4,3252.78,3181.27,3214.13,359652413,3214.13,21409.237476000002
20200716,3356.36,3373.53,3209.73,3210.1,490613123,3210.1,26156.060151
20200715,3422.08,3432.45,3345.75,3361.3,492030542,3361.3,13015.076081000001
20200714,3435.02,3451.22,3366.08,3414.62,543211492,3414.62,13470.382404999998
20200713,3379.39,3458.79,3369.04,3443.29,558006875,3443.29,10389.03073
20200710,3418.93,3433.11,3372.51,3383.32,556120011,3383.32,12354.347947999999
20200709,3403.48,3456.97,3393.64,3450.59,620001823,3450.59,15948.846442
20200708,3337.55,3421.53,3327.71,3403.44,587081685,3403.44,12799.967627999999
20200707,3380.95,3407.08,3336.24,3345.34,657840159,3345.34,14602.900586000003
20200706,3187.84,3337.27,3187.84,3332.88,643878906,3332.88,15512.174535999999
20200703,3104.0,3152.81,3104.0,3152.81,458793851,3152.81,15130.592408
20200702,3023.72,3092.44,3021.67,3090.57,391127996,3090.57,11021.72747
20200701,2991.18,3026.19,2984.98,3025.98,273313140,3025.98,14984.558154000002
20200630,2965.11,2990.83,2965.11,2984.67,214957214,2984.67,8094.20042
20200629,2973.08,2977.91,2951.77,2961.52,220622729,2961.52,5509.257821000001
20200624,2972.98,2982.94,2971.22,2979.55,213200732,2979.55,4758.02335
20200623,2960.89,2972.4,2949.85,2970.62,225212208,2970.62,5449.6642600000005
20200622,2966.9,2983.44,2959.03,2965.27,267883834,2965.27,5742.337128000001
20200619,2938.79,2973.32,2935.82,2967.63,264313961,2967.63,14866.212291999998
20200618,2929.88,2942.9,2920.11,2939.32,258691377,2939.32,11090.620153999997
20200617,2932.67,2936.62,2919.04,2935.87,234654391,2935.87,10859.019705
20200616,2912.83,2931.78,2909.13,2931.75,223313065,2931.75,9301.5858
20200615,2908.28,2922.54,2890.03,2890.03,243205046,2890.03,13047.155789
20200612,2876.8,2930.26,2872.62,2919.74,236008642,2919.74,12744.657075
20200611,2939.79,2952.65,2912.19,2920.9,233722947,2920.9,10001.555538
20200610,2951.28,2951.33,2934.84,2943.75,207925969,2943.75,6424.2284199999995
20200609,2939.54,2957.12,2932.94,2956.11,209048585,2956.11,7983.346486
20200608,2941.98,2950.07,2934.21,2937.77,231124360,2937.77,7354.61589
20200605,2923.19,2930.8,2909.12,2930.8,217360673,2930.8,14301.733909999999
20200604,2931.84,2932.97,2910.75,2919.25,226605873,2919.25,9206.794764
20200603,2930.39,2942.76,2922.66,2923.37,255663980,2923.37,15780.619770999998
20200602,2916.32,2926.36,2909.13,2921.4,256108049,2921.4,11428.500361
20200601,2871.96,2917.15,2871.96,2915.43,260196050,2915.43,12924.536683999999
20200529,2835.58,2855.38,2829.63,2852.35,206792804,2852.35,11810.545987
20200528,2838.21,2861.92,2820.15,2846.22,207546019,2846.22,6518.57135
20200527,2847.32,2849.0,2831.93,2836.8,198149343,2836.8,7424.482668999999
20200526,2827.9,2848.34,2825.9,2846.55,174562369,2846.55,8252.773516000001
20200525,2816.24,2821.5,2802.47,2817.97,172885557,2817.97,6953.196657
20200522,2863.05,2863.05,2808.02,2813.77,209063712,2813.77,17087.783475
20200521,2890.72,2891.52,2864.21,2867.92,203532038,2867.92,7360.021933
20200520,2896.47,2896.47,2876.18,2883.74,210519985,2883.74,9188.180208
20200519,2897.69,2900.22,2887.58,2898.58,197222405,2898.58,8259.629882
20200518,2872.52,2889.98,2862.27,2875.42,226022882,2875.42,8062.327472
20200515,2880.71,2884.22,2863.37,2868.46,188983592,2868.46,8509.596227
20200514,2887.06,2887.06,2869.18,2870.34,197776202,2870.34,10687.579661999998
20200513,2882.96,2900.26,2875.54,2898.05,185061310,2898.05,15780.632306
20200512,2894.62,2897.9,2871.23,2891.56,197082985,2891.56,12403.069294
20200511,2901.57,2914.28,2884.38,2894.8,225120410,2894.8,8137.188136999999
20200508,2882.71,2903.8,2879.2,2895.34,226822075,2895.34,9679.012494999999
20200507,2876.47,2882.02,2864.58,2871.52,226736957,2871.52,7632.118243
20200506,2831.63,2879.26,2830.65,2878.14,249826616,2878.14,12405.213928000001
20200430,2832.38,2865.59,2832.38,2860.08,242455278,2860.08,4949.104643
20200429,2801.38,2831.76,2800.74,2822.44,202061807,2822.44,5258.535722999999
20200428,2819.99,2821.74,2758.25,2810.02,253872745,2810.02,11289.727450999997
20200427,2812.24,2832.67,2802.96,2815.49,210130981,2815.49,3910.1706999999997
20200424,2834.94,2834.94,2802.5,2808.53,235185076,2808.53,4403.455961
20200423,2850.51,2853.64,2835.9,2838.5,248779037,2838.5,2980.1103489999996
20200422,2814.07,2843.98,2808.48,2843.98,217320000,2843.98,9568.723011
20200421,2842.24,2842.24,2808.02,2827.01,233235870,2827.01,10117.774654
20200420,2840.41,2852.99,2833.26,2852.55,211847078,2852.55,8501.122252999998
20200417,2835.56,2854.96,2830.02,2838.49,245736750,2838.49,16165.210035
20200416,2798.43,2823.34,2796.84,2819.93,203003773,2819.93,15615.223409
20200415,2826.66,2829.75,2808.7,2811.17,205621146,2811.17,9917.57401
20200414,2794.8,2827.3,2789.43,2827.28,202696569,2827.28,8216.338109999999
20200413,2784.6,2792.89,2774.08,2783.05,177124554,2783.05,10521.445532
20200410,2827.19,2833.01,2789.98,2796.63,233454768,2796.63,9880.743867
20200409,2825.84,2832.39,2820.43,2825.9,238184843,2825.9,9917.261131
20200408,2805.92,2823.21,2800.3,2815.37,243515305,2815.37,8348.634386
20200407,2806.97,2823.28,2801.84,2820.76,270198186,2820.76,7926.960852
20200403,2773.58,2780.59,2754.07,2763.99,200837404,2763.99,11477.149385
20200402,2720.23,2780.64,2719.9,2780.64,217864600,2780.64,13288.527849000002
20200401,2743.54,2773.36,2731.08,2734.52,217253427,2734.52,13818.223107
20200331,2767.31,2771.17,2743.12,2750.3,218598674,2750.3,8196.653183999999
20200330,2739.72,2759.1,2723.05,2747.21,239706604,2747.21,9642.249228
20200327,2792.98,2805.55,2771.76,2772.2,240764066,2772.2,13930.230877000002
20200326,2761.9,2788.5,2753.43,2764.91,234084022,2764.91,9994.150574
20200325,2775.3,2788.64,2757.8,2781.59,273144466,2781.59,11096.345609
20200324,2703.02,2723.41,2667.13,2722.44,257021930,2722.44,11252.295322000002
20200323,2677.59,2703.33,2656.5,2660.17,249820250,2660.17,12187.879467
20200320,2727.02,2751.9,2702.49,2745.62,252019507,2745.62,16209.201593
20200319,2719.41,2736.82,2646.8,2702.13,302302747,2702.13,16724.437696999998
20200318,2792.32,2815.87,2728.76,2728.76,291159852,2728.76,18850.283893
20200317,2796.28,2826.91,2715.22,2779.64,306149677,2779.64,10273.377253
20200316,2897.3,2898.03,2784.66,2789.25,351878665,2789.25,13908.555453
20200313,2804.23,2910.88,2799.98,2887.43,366450436,2887.43,10668.234457
20200312,2936.02,2944.47,2906.28,2923.49,307778457,2923.49,16330.373494999998
20200311,3001.76,3010.03,2968.52,2968.52,352470970,2968.52,6378.620664000002
20200310,2918.93,3000.3,2904.8,2996.76,393296648,2996.76,9475.634378
20200309,2987.18,2989.21,2940.71,2943.29,414560736,2943.29,11779.634108
20200306,3039.94,3052.44,3029.46,3034.51,362061533,3034.51,10735.701241
20200305,3036.15,3074.26,3022.93,3071.68,445425806,3071.68,7059.6225380000005
20200304,2981.81,3012.0,2974.36,3011.67,353338278,3011.67,6792.566501000001
20200303,3006.89,3026.84,2976.62,2992.9,410108047,2992.9,7747.15093
20200302,2899.31,2982.51,2899.31,2970.93,367333369,2970.93,8556.093131
20200228,2924.64,2948.13,2878.54,2880.3,401216914,2880.3,12026.850231000002
20200227,2992.49,3009.46,2980.48,2991.33,350523658,2991.33,13994.837307
20200226,2978.42,3028.78,2974.94,2987.93,469049552,2987.93,8003.2692720000005
20200225,2982.07,3016.95,2943.72,3013.05,441622762,3013.05,14153.174056
20200224,3027.89,3042.18,3007.36,3031.23,370430044,3031.23,10357.286965
20200221,3022.25,3058.9,3020.14,3039.67,364557276,3039.67,11608.346581000002
20200220,2981.88,3031.37,2968.45,3030.15,345732881,3030.15,5944.709714000001
20200219,2979.52,2998.27,2971.82,2975.4,315141151,2975.4,6944.274646
20200218,2981.41,2990.6,2960.78,2984.97,311665913,2984.97,10041.889302
20200217,2924.99,2983.64,2924.99,2983.62,313198007,2983.62,9325.983603
20200214,2899.87,2926.94,2899.57,2917.01,250650627,2917.01,14751.024992000002
20200213,2927.14,2935.41,2901.24,2906.07,274804844,2906.07,8681.056907999997
20200212,2895.56,2926.9,2892.42,2926.9,248733429,2926.9,12455.71106
20200211,2894.54,2913.82,2882.24,2901.67,269168335,2901.67,10207.439289
20200210,2860.5,2891.85,2851.05,2890.49,294929784,2890.49,8513.42537
20200207,2858.93,2875.96,2838.77,2875.96,309479642,2875.96,3660.4716
20200206,2826.89,2876.59,2807.61,2866.51,316392142,2866.51,7082.922656000001
20200205,2792.37,2842.74,2778.86,2818.09,309761823,2818.09,9914.839955
20200204,2685.27,2786.16,2685.27,2783.29,364046200,2783.29,9631.359146
20200203,2716.7,2766.58,2716.7,2746.61,215912103,2746.61,20645.511967000002
20200123,3037.95,3045.04,2955.35,2976.53,272763234,2976.53,6885.232844999999
20200122,3038.49,3069.25,3006.27,3060.75,223852865,3060.75,9298.006996
20200121,3085.79,3085.79,3051.23,3052.14,234830739,3052.14,7374.88111
20200120,3082.11,3096.31,3070.48,3095.79,210493341,3095.79,5164.410398999999
20200117,3081.46,3091.95,3067.25,3075.5,190304299,3075.5,5264.743532999999
20200116,3095.73,3096.37,3070.88,3074.08,203375475,3074.08,9299.801114
20200115,3103.17,3107.94,3082.04,3090.04,202313023,3090.04,9010.760922000001
20200114,3120.67,3127.17,3105.6,3106.82,229973769,3106.82,4259.406926000001
20200113,3091.49,3115.57,3075.38,3115.57,210621004,3115.57,4297.169947
20200110,3102.29,3105.22,3081.4,3092.29,210442462,3092.29,6266.147343
20200109,3082.64,3097.33,3080.13,3094.88,243435649,3094.88,7272.521462000001
20200108,3094.24,3094.24,3059.13,3066.89,297872553,3066.89,5431.733757999999
20200107,3085.49,3105.45,3084.33,3104.8,276583111,3104.8,5145.717450999998
20200106,3070.91,3107.2,3065.31,3083.41,312575842,3083.41,8261.966632
20200103,3089.02,3093.82,3074.52,3083.79,261496667,3083.79,8175.542919
20200102,3066.34,3098.1,3066.34,3085.2,292470208,3085.2,6215.790408999999
20191231,3036.39,3051.68,3030.51,3050.12,217429022,3050.12,1980.2782230000003
20191230,2998.17,3041.4,2983.34,3040.02,248066530,3040.02,3497.4461380000002
20191227,3006.85,3036.11,3003.63,3005.04,247102779,3005.04,2094.7423920000006
20191226,2981.25,3007.35,2980.4,3007.35,182440426,3007.35,850.9129889999999
20191225,2980.43,2988.29,2970.66,2981.88,175654028,2981.88,758.501475
20191224,2965.83,2983.82,2960.68,2982.68,163030250,2982.68,645.555711
20191223,2999.04,3009.34,2960.43,2962.75,205716617,2962.75,787.381719
20191220,3019.64,3027.48,3002.26,3004.94,215075755,3004.94,523.559621
20191219,3017.15,3021.42,3007.99,3017.07,208624264,3017.07,4085.167775
20191218,3021.47,3033.23,3011.72,3017.04,244089691,3017.04,658.4864
20191217,2985.26,3039.38,2982.5,3022.42,293032254,3022.42,2843.2226389999996
20191216,2970.97,2984.64,2958.71,2984.39,211862119,2984.39,405.78507999999994
20191213,2937.78,2969.98,2935.85,2967.68,211978585,2967.68,10524.548712000002
20191212,2926.34,2926.34,2913.48,2915.7,151534230,2915.7,1423.9426550000003
20191211,2922.6,2928.26,2915.0,2924.42,165541087,2924.42,1324.277274
20191210,2908.94,2919.2,2902.79,2917.32,170123998,2917.32,936.213469
20191209,2914.46,2919.59,2905.25,2914.48,160796527,2914.48,3181.180249
20191206,2902.28,2912.01,2894.75,2912.01,134128878,2912.01,2288.5753139999997
20191205,2886.52,2902.0,2885.08,2899.47,143163096,2899.47,3294.963126
20191204,2876.91,2882.5,2869.42,2878.12,125543653,2878.12,1712.61311
20191203,2869.88,2884.86,2857.32,2884.7,123778742,2884.7,1656.176032
20191202,2874.45,2888.89,2870.24,2875.81,128755806,2875.81,3283.836477
20191129,2885.97,2892.39,2858.58,2871.98,122612968,2871.98,3356.466636
20191128,2902.36,2909.84,2883.43,2889.69,119522468,2889.69,3490.2559960000003
20191127,2905.4,2914.49,2893.42,2903.19,133862205,2903.19,6381.299507000001
20191126,2912.52,2915.04,2897.93,2907.06,170004663,2907.06,4027.058073
20191125,2885.61,2906.61,2880.65,2906.17,178587429,2906.17,2968.375318000001
20191122,2906.24,2925.02,2873.99,2885.29,158623365,2885.29,7428.326391
20191121,2902.55,2910.36,2891.53,2903.64,123458607,2903.64,2250.921547
20191120,2928.11,2930.49,2907.42,2911.05,137357530,2911.05,1065.5191719999998
20191119,2904.28,2933.99,2902.86,2933.99,135417604,2933.99,1482.429798
20191118,2889.55,2911.38,2884.09,2909.2,124433177,2909.2,856.91656
20191115,2911.35,2917.83,2891.2,2891.34,135519463,2891.34,2149.098602
20191114,2907.74,2917.37,2899.62,2909.87,129145448,2909.87,455.593504
20191113,2913.02,2913.86,2893.97,2905.24,129765841,2905.24,709.389752
20191112,2913.0,2918.3,2891.51,2914.82,129729154,2914.82,601.289314
20191111,2949.96,2949.96,2906.77,2909.97,157916105,2909.97,2617.579186
20191108,2993.98,2998.76,2962.84,2964.18,149742107,2964.18,1604.5615000000003
20191107,2978.15,2988.95,2969.12,2978.71,136952678,2978.71,1448.306117
20191106,2992.04,2995.56,2969.72,2978.6,165263547,2978.6,1812.1027720000002
20191105,2977.7,3008.31,2968.03,2991.56,179891593,2991.56,963.261051
20191104,2964.58,2983.06,2964.58,2975.49,167248364,2975.49,1549.155371
20191101,2924.34,2959.83,2917.15,2958.2,159907373,2958.2,1271.182792
20191031,2944.84,2946.75,2923.52,2929.06,161571483,2929.06,1543.7449649999999
20191030,2949.46,2953.3,2934.83,2939.32,158798110,2939.32,2595.2525219999998
20191029,2979.04,2979.04,2954.18,2954.18,166110058,2954.18,1124.856459
20191028,2958.69,2980.13,2956.96,2980.05,173731481,2980.05,4745.922181
20191025,2940.47,2958.24,2920.52,2954.93,136860706,2954.93,3074.225635
20191024,2944.01,2953.04,2927.06,2940.92,126540290,2940.92,1452.416844
20191023,2952.97,2957.3,2934.63,2941.62,123812881,2941.62,892.142408
20191022,2945.6,2954.64,2934.39,2954.38,117482048,2954.38,1759.923391
20191021,2933.9,2940.32,2917.69,2939.62,132475107,2939.62,776.033697
20191018,2982.34,2987.2,2933.24,2938.14,149990678,2938.14,2575.1616809999996
20191017,2979.99,2986.72,2969.57,2977.33,122527614,2977.33,2515.362577
20191016,2992.61,3010.42,2975.92,2978.71,149885496,2978.71,3924.9944060000003
20191015,3005.66,3005.66,2986.3,2991.05,155376904,2991.05,1491.0476660000002
20191014,2993.96,3026.38,2989.81,3007.88,208614802,3007.88,1473.24772
20191011,2954.82,2980.79,2943.01,2973.66,161203746,2973.66,128.122854
20191010,2923.71,2949.24,2918.23,2947.71,134239752,2947.71,663.7842240000001
20191009,2902.08,2924.86,2891.54,2924.86,130424144,2924.86,1576.8673290000002
20191008,2905.76,2933.02,2905.76,2913.57,125535812,2913.57,125.89589799999999
20190930,2927.92,2936.48,2905.19,2905.19,116646811,2905.19,158.469288
20190927,2929.49,2939.08,2920.93,2932.17,132905777,2932.17,1092.813911
20190926,2964.48,2970.04,2928.26,2929.09,188932541,2929.09,4154.968103000001
20190925,2977.67,2977.67,2955.43,2955.43,168543135,2955.43,2790.897032
20190924,2979.48,3002.9,2973.76,2985.34,163902761,2985.34,1323.9242249999998
20190923,2998.4,2998.4,2960.83,2977.08,168139450,2977.08,4277.653157
20190920,3004.81,3011.34,2996.19,3006.45,182145302,3006.45,319.133426
20190919,2992.92,2999.28,2975.4,2999.28,162690615,2999.28,558.9578630000001
20190918,2984.08,2996.4,2982.4,2985.66,168046699,2985.66,161.870937
20190917,3023.71,3023.71,2970.57,2978.12,223338061,2978.12,4754.2731779999995
20190916,3041.92,3042.93,3020.05,3030.75,221878959,3030.75,1880.3548959999998
20190912,3016.63,3033.47,3005.19,3031.24,196968701,3031.24,6475.208161
20190911,3029.93,3030.56,3004.22,3008.81,229837362,3008.81,2303.8724810000003
20190910,3027.41,3027.41,3005.38,3021.2,240012947,3021.2,1488.867003
20190909,3023.78,3026.24,3005.69,3024.74,243377752,3024.74,2300.587203
20190906,2996.62,2999.94,2981.6,2999.6,216826035,2999.6,4071.490902
20190905,2972.66,3015.84,2972.66,2985.86,305438706,2985.86,1221.4858479999998
20190904,2927.75,2957.41,2925.88,2957.41,225495907,2957.41,1228.5993550000003
20190903,2925.94,2930.15,2915.2,2930.15,189001216,2930.15,917.6796619999999
20190902,2886.94,2928.48,2883.68,2924.11,202786807,2924.11,931.309858
20190830,2907.38,2914.58,2874.1,2886.24,193959951,2886.24,154.913667
20190829,2896.0,2898.6,2878.59,2890.92,178613082,2890.92,479.56373699999995
20190828,2901.63,2905.44,2887.01,2893.76,183097903,2893.76,2613.5157400000003
20190827,2879.52,2919.64,2879.41,2902.19,208141794,2902.19,11948.24313
20190826,2851.02,2870.49,2849.24,2863.57,169895363,2863.57,7955.918449
20190823,2885.15,2902.46,2878.74,2897.43,159156826,2897.43,4824.858489
20190822,2887.66,2888.5,2867.55,2883.44,149206215,2883.44,2986.742928
20190821,2875.47,2885.59,2872.56,2880.33,159019665,2880.33,3989.1661839999997
20190820,2879.08,2892.08,2875.0,2880.0,189677206,2880.0,1967.2697429999998
20190819,2835.52,2883.1,2829.85,2883.1,214546668,2883.1,1888.211487
20190816,2817.57,2840.32,2811.8,2823.82,148582344,2823.82,694.0152889999999
20190815,2762.34,2815.9,2756.83,2815.8,152772152,2815.8,558.784853
20190814,2824.49,2829.89,2807.72,2808.91,144014641,2808.91,1285.525244
20190813,2798.05,2802.04,2790.61,2797.26,130916505,2797.26,256.069166
20190812,2781.98,2814.99,2776.62,2814.99,131563433,2814.99,321.080928
20190809,2805.59,2808.33,2770.48,2774.75,148240293,2774.75,1297.3752160000001
20190808,2784.18,2799.69,2782.24,2794.55,149539564,2794.55,62.86977099999999
20190807,2789.02,2792.69,2768.68,2768.68,157716752,2768.68,1715.764855
20190806,2776.99,2787.42,2733.92,2777.56,231123727,2777.56,4587.449716000001
20190805,2854.58,2863.69,2821.5,2821.5,167419423,2821.5,1900.1533739999998
20190802,2861.33,2872.47,2851.44,2867.84,184888443,2867.84,2606.641645
20190801,2920.85,2927.34,2901.75,2908.77,142389813,2908.77,4614.929585
20190731,2944.4,2944.4,2926.49,2932.51,141052348,2932.51,327.38237300000003
20190730,2946.26,2965.63,2946.26,2952.34,148316462,2952.34,936.4092810000001
20190729,2943.92,2948.47,2932.98,2941.01,127991846,2941.01,2367.298558
20190726,2928.06,2948.33,2924.45,2944.54,139343388,2944.54,330.906327
20190725,2923.19,2937.36,2916.15,2937.36,145684385,2937.36,532.869354
20190724,2907.93,2936.45,2907.79,2923.28,155245762,2923.28,829.9132689999999
20190723,2886.9,2901.36,2883.05,2899.94,129310508,2899.94,3673.181232
20190722,2925.79,2927.16,2879.69,2886.97,180674960,2886.97,11316.070346999999
20190719,2909.68,2939.6,2909.68,2924.2,149469553,2924.2,1541.184155
20190718,2921.74,2921.74,2901.18,2901.18,149888828,2901.18,4490.205891
20190717,2933.02,2942.07,2924.46,2931.69,149631616,2931.69,721.4978000000001
20190716,2938.64,2944.82,2931.29,2937.62,131811751,2937.62,835.6259930000001
20190715,2921.55,2955.0,2886.7,2942.19,167643397,2942.19,0.0
20190712,2915.34,2938.53,2905.81,2930.55,137794759,2930.55,0.0
20190711,2928.06,2945.8,2907.89,2917.76,143692522,2917.76,0.0
20190710,2935.19,2936.75,2908.16,2915.3,135483538,2915.3,0.0
20190709,2928.82,2937.76,2912.81,2928.23,145110604,2928.23,0.0
20190708,2997.81,2997.81,2918.72,2933.36,211541268,2933.36,0.0
20190705,3004.74,3014.85,2990.92,3011.06,156755429,3011.06,0.0
20190704,3015.68,3024.5,2991.91,3005.25,194415133,3005.25,0.0
20190703,3031.83,3031.83,3006.32,3015.26,212296173,3015.26,0.0
20190702,3042.58,3048.48,3033.78,3043.94,214520624,3043.94,0.0
20190701,3024.62,3045.37,3014.69,3044.9,250840433,3044.9,0.0
20190628,2992.24,2992.24,2961.22,2978.88,181431523,2978.88,1515.974983
20190627,2982.61,3011.54,2981.05,2996.79,195397049,2996.79,1552.607511
20190626,2964.62,2986.91,2958.46,2976.28,174449533,2976.28,1714.231735
20190625,3004.91,3004.91,2948.99,2982.07,243699244,2982.07,176.665724
20190624,3004.29,3012.83,2994.42,3008.15,210493894,3008.15,1015.943213
20190621,2990.37,3010.35,2989.25,3001.98,286973835,3001.98,1018.962525
20190620,2917.33,2997.39,2915.09,2987.12,291011537,2987.12,1797.5858540000002
20190619,2944.12,2953.34,2916.21,2917.8,230756973,2917.8,4133.7445339999995
20190618,2891.09,2898.33,2874.31,2890.16,147705320,2890.16,1486.238582
20190617,2880.42,2902.48,2877.39,2887.61,153964960,2887.61,4162.889969999999
20190614,2913.0,2924.32,2879.66,2881.97,215435796,2881.97,2835.4017980000003
20190613,2905.29,2918.42,2885.92,2910.74,212957791,2910.74,322.31534000000005
20190612,2917.22,2924.7,2903.88,2909.38,240255775,2909.38,1583.0697229999998
20190611,2854.07,2927.43,2854.07,2925.72,260525796,2925.72,1273.5340059999999
20190610,2833.01,2861.13,2824.36,2852.13,166585918,2852.13,804.5165999999999
20190606,2862.33,2862.33,2822.19,2827.8,177064411,2827.8,1552.8949579999999
20190605,2882.94,2888.77,2858.57,2861.42,181561047,2861.42,2670.417645
20190604,2887.64,2888.39,2851.97,2862.28,188463541,2862.28,760.827627
20190603,2901.74,2920.83,2875.9,2890.08,215943554,2890.08,500.95962900000006
20190531,2904.5,2922.91,2895.58,2898.7,195230580,2898.7,3381.514193
20190530,2903.42,2907.85,2881.38,2905.81,205758789,2905.81,590.810809
20190529,2894.83,2934.98,2890.66,2914.7,198958821,2914.7,541.4652060000001
20190528,2890.27,2924.04,2887.08,2909.91,223310557,2909.91,2120.170123
20190527,2851.28,2898.13,2833.04,2892.38,196720902,2892.38,2261.5584129999997
20190524,2847.84,2871.86,2846.02,2852.99,167205490,2852.99,5751.753502
20190523,2880.84,2885.14,2846.96,2852.52,197340309,2852.52,5280.666230000001
20190522,2905.52,2912.4,2879.64,2891.7,200026905,2891.7,217.12527999999998
20190521,2867.71,2919.24,2862.5,2905.97,211387022,2905.97,665.0148589999999
20190520,2874.8,2882.63,2838.45,2870.6,209472442,2870.6,696.359064
20190517,2955.77,2956.78,2873.8,2882.3,266301643,2882.3,4192.447581
20190516,2933.5,2956.17,2929.06,2955.71,248385701,2955.71,3193.6378120000004
20190515,2902.64,2945.39,2902.64,2938.68,230519701,2938.68,15697.485648
20190514,2872.83,2909.2,2872.83,2883.61,208345353,2883.61,4379.5817959999995
20190513,2905.07,2921.41,2892.17,2903.71,212029882,2903.71,6553.359418000001
20190510,2878.23,2941.45,2838.38,2939.21,282306808,2939.21,5719.585521000001
20190509,2871.2,2888.86,2845.04,2850.95,200041133,2850.95,8169.140318000001
20190508,2873.14,2929.43,2866.7,2893.76,231530519,2893.76,2610.804452
20190507,2914.29,2937.28,2889.07,2926.39,253281769,2926.39,5125.467274999999
20190506,2984.73,2986.54,2876.47,2906.46,326972269,2906.46,3265.2583710000004
20190430,3052.62,3088.41,3052.62,3078.34,222302517,3078.34,187.931056
20190429,3090.63,3107.76,3050.03,3062.5,292114886,3062.5,2767.2314689999994
20190426,3108.16,3129.21,3085.8,3086.4,280873854,3086.4,3341.8616190000002
20190425,3190.59,3193.75,3123.03,3123.83,325879129,3123.83,3913.7204789999996
20190424,3203.56,3210.65,3156.61,3201.61,274872164,3201.61,2765.802181
20190423,3211.87,3231.58,3186.76,3198.59,328361207,3198.59,5485.861419999999
20190422,3278.49,3279.49,3206.88,3215.04,353217387,3215.04,1986.1573569999998
20190419,3250.15,3274.33,3226.81,3270.8,315198004,3270.8,528.7912709999999
20190418,3261.07,3271.39,3241.83,3250.2,325539942,3250.2,500.7300220000001
20190417,3250.15,3275.33,3239.8,3263.12,357541796,3263.12,577.886356
20190416,3164.4,3253.6,3153.21,3253.6,357918752,3253.6,7370.644178
20190415,3233.46,3253.98,3177.27,3177.79,348809785,3177.79,4961.3751600000005
20190412,3184.86,3199.28,3168.04,3188.63,289788996,3188.63,1000.872994
20190411,3241.55,3254.13,3185.55,3189.96,353031879,3189.96,616.3183150000001
20190410,3224.65,3264.78,3204.88,3241.93,380134408,3241.93,746.288724
20190409,3240.39,3251.65,3215.7,3239.66,364169997,3239.66,5281.323389999999
20190408,3271.27,3288.45,3210.52,3244.81,504518403,3244.81,4178.147852
20190404,3233.69,3254.14,3216.85,3246.57,469117669,3246.57,4289.406921
20190403,3159.15,3219.26,3152.33,3216.3,430548635,3216.3,1144.1992169999999
20190402,3183.27,3193.27,3164.91,3176.82,447068981,3176.82,1042.0938010000002
20190401,3111.66,3176.62,3111.66,3170.36,466124693,3170.36,1016.618029
20190329,3000.68,3093.03,2999.99,3090.76,375082991,3090.76,471.04702299999985
20190328,3009.8,3025.78,2991.78,2994.94,288106425,2994.94,4392.578244000001
20190327,3012.26,3022.76,2987.77,3022.72,291390357,3022.72,9230.617434
20190326,3057.56,3062.69,2988.49,2997.1,353498021,2997.1,10626.021384
20190325,3058.8,3087.0,3041.95,3043.03,380278762,3043.03,21808.936689000002
20190322,3100.73,3107.28,3064.88,3104.15,364848346,3104.15,2404.157889
20190321,3094.12,3125.02,3086.85,3101.45,414251182,3101.45,1503.860232
20190320,3084.17,3102.52,3053.45,3090.64,358557505,3090.64,687.0392020000002
20190319,3099.9,3113.43,3076.36,3090.97,350908860,3090.97,1476.1815740000002
20190318,3027.8,3096.42,3009.51,3096.42,397797179,3096.42,374.89715399999994
20190315,3000.88,3048.12,2999.43,3021.75,341206139,3021.75,4565.3446730000005
20190314,3013.6,3041.16,2968.82,2990.68,373141798,2990.68,9861.730357000002
20190313,3062.33,3065.29,3013.93,3026.95,453214625,3026.95,2086.7090599999997
20190312,3049.08,3093.39,3029.9,3060.31,511173158,3060.31,1274.527359
20190311,2969.08,3028.25,2963.58,3026.99,426213029,3026.99,683.502103
20190308,3038.34,3075.05,2969.58,2969.86,577855473,2969.86,1152.8623400000001
20190307,3103.67,3129.94,3074.98,3106.42,583817065,3106.42,680.92381
20190306,3060.43,3103.83,3050.11,3102.1,555006365,3102.1,969.9154019999999
20190305,3019.88,3054.96,3009.45,3054.25,424142529,3054.25,7112.5536139999995
20190304,3015.94,3090.8,3006.94,3027.58,525649436,3027.58,5024.006048
20190301,2954.4,2994.01,2930.83,2994.01,345786200,2994.01,4185.3860669999995
20190228,2950.05,2965.3,2930.2,2940.95,350206602,2940.95,7011.835269
20190227,2939.93,2997.49,2924.64,2953.82,474976453,2953.82,6610.270522000001
20190226,2969.1,2995.68,2938.62,2941.52,565557967,2941.52,3048.8887199999995
20190225,2838.39,2961.8,2838.39,2961.28,528658590,2961.28,1257.431509
20190222,2749.46,2804.23,2736.33,2804.23,301481411,2804.23,6737.2976960000005
20190221,2759.94,2794.01,2744.98,2751.8,298649969,2751.8,3202.5075349999997
20190220,2761.06,2767.41,2739.98,2761.22,245972527,2761.22,2445.577051
20190219,2759.5,2780.78,2737.59,2755.65,288046271,2755.65,1316.8488419999999
20190218,2699.82,2754.36,2699.82,2754.36,260436007,2754.36,3955.4596770000003
20190215,2712.79,2715.63,2679.78,2682.39,196004265,2682.39,3457.083911
20190214,2715.54,2729.45,2707.49,2719.7,197037349,2719.7,2457.2690270000003
20190213,2674.52,2727.07,2666.52,2721.07,243794010,2721.07,2000.2388429999999
20190212,2654.03,2674.48,2648.83,2671.89,184101179,2671.89,6961.851181999999
20190211,2613.17,2654.1,2613.17,2653.9,154898858,2653.9,1898.7212029999998
20190201,2597.78,2618.48,2590.55,2618.23,131986850,2618.23,6979.824413
20190131,2581.33,2606.63,2571.58,2584.57,154303869,2584.57,6958.203908
20190130,2584.75,2598.82,2575.41,2575.58,120502571,2575.58,362.25004800000005
20190129,2592.35,2601.74,2559.98,2594.25,155581112,2594.25,3141.728567
20190128,2615.71,2630.32,2591.1,2596.98,146981765,2596.98,853.846381
20190125,2596.26,2617.0,2595.63,2601.72,159394026,2601.72,2323.151043
20190124,2584.65,2597.29,2569.7,2591.69,154042046,2591.69,58.513994
20190123,2575.26,2589.51,2572.41,2581.0,131426798,2581.0,0.0
20190122,2609.64,2609.64,2573.06,2579.7,152537773,2579.7,0.0
20190121,2599.06,2618.98,2599.06,2610.51,163425115,2610.51,0.0
20190118,2567.74,2598.88,2565.9,2596.01,190767237,2596.01,0.0
20190117,2573.58,2582.56,2557.71,2559.64,162468134,2559.64,0.0
20190116,2569.07,2574.24,2563.01,2570.42,149301539,2570.42,0.0
20190115,2537.37,2571.5,2532.43,2570.34,160265530,2570.34,0.0
20190114,2553.33,2556.29,2533.01,2535.77,144825464,2535.77,0.0
20190111,2539.55,2554.79,2533.36,2553.83,149444100,2553.83,0.0
20190110,2543.85,2551.83,2531.66,2535.1,159874326,2535.1,0.0
20190109,2536.42,2574.41,2536.16,2544.34,191887930,2544.34,0.0
20190108,2530.3,2531.34,2520.16,2526.46,158099181,2526.46,0.0
20190107,2528.7,2536.98,2515.51,2533.09,177305010,2533.09,0.0
20190104,2446.02,2515.32,2440.91,2514.87,168877667,2514.87,0.0
20190103,2461.78,2488.48,2455.93,2464.36,124397497,2464.36,0.0
20190102,2497.88,2500.28,2456.42,2465.29,109932013,2465.29,0.0
20181228,2483.62,2505.11,2478.32,2493.9,119245250,2493.9,0.0
20181227,2527.72,2532.0,2483.09,2483.09,135406843,2483.09,0.0
20181226,2501.12,2513.83,2492.08,2498.29,108799629,2498.29,0.0
20181225,2503.95,2513.96,2462.84,2504.82,140670560,2504.82,0.0
20181224,2506.74,2529.44,2500.44,2527.01,97339852,2527.01,0.0
20181221,2526.55,2527.42,2498.69,2516.25,115671200,2516.25,0.0
20181220,2544.51,2554.86,2516.02,2536.27,120566496,2536.27,0.0
20181219,2578.68,2579.87,2547.08,2549.56,107661797,2549.56,0.0
20181218,2583.63,2599.15,2563.57,2576.65,117033370,2576.65,0.0
20181217,2587.26,2598.97,2573.87,2597.97,117363250,2597.97,0.0
20181214,2627.28,2629.16,2593.74,2593.74,145942488,2593.74,0.0
20181213,2607.14,2645.84,2599.46,2634.05,150738115,2634.05,0.0
20181212,2608.11,2610.01,2595.07,2602.15,103518301,2602.15,0.0
20181211,2587.01,2596.15,2583.2,2594.09,101304364,2594.09,0.0
20181210,2589.19,2599.76,2576.24,2584.58,113199669,2584.58,0.0
20181207,2609.34,2614.58,2599.28,2605.89,109074993,2605.89,0.0
20181206,2629.82,2633.68,2603.13,2605.18,141661650,2605.18,0.0
20181205,2629.83,2660.39,2625.91,2649.81,154502056,2649.81,0.0
20181204,2651.56,2666.08,2644.9,2665.96,167940558,2665.96,0.0
20181203,2647.13,2665.3,2629.18,2654.8,207478955,2654.8,0.0
20181130,2564.56,2590.21,2555.32,2588.19,139329021,2588.19,0.0
20181129,2613.78,2617.55,2567.44,2567.44,157168738,2567.44,0.0
20181128,2575.45,2601.96,2561.56,2601.74,145963473,2601.74,0.0
20181127,2585.83,2592.54,2566.17,2574.68,123658436,2574.68,0.0
20181126,2580.84,2595.0,2568.04,2575.81,134314540,2575.81,0.0
20181123,2640.67,2642.04,2577.35,2579.48,191474549,2579.48,0.0
20181122,2655.9,2658.0,2634.48,2645.43,149309063,2645.43,0.0
20181121,2619.82,2653.8,2617.78,2651.51,182596447,2651.51,0.0
20181120,2684.29,2690.83,2643.36,2645.85,215891309,2645.85,0.0
20181119,2681.9,2703.51,2674.18,2703.51,231662827,2703.51,0.0
20181116,2669.78,2695.57,2657.03,2679.11,242198849,2679.11,0.0
20181115,2632.14,2668.17,2631.89,2668.17,207848721,2668.17,0.0
20181114,2648.31,2658.31,2627.96,2632.24,238449351,2632.24,0.0
20181113,2600.5,2666.49,2597.35,2654.88,249282447,2654.88,0.0
20181112,2593.2,2631.17,2590.21,2630.52,175031308,2630.52,0.0
20181109,2621.24,2621.24,2598.16,2598.87,152446307,2598.87,0.0
20181108,2660.09,2662.37,2632.3,2635.63,159635487,2635.63,0.0
20181107,2659.84,2675.68,2639.25,2641.34,173201986,2641.34,0.0
20181106,2660.72,2660.86,2635.32,2659.36,163669479,2659.36,0.0
20181105,2665.43,2673.19,2639.27,2665.43,193760100,2665.43,0.0
20181102,2649.25,2676.48,2628.87,2676.48,225026921,2676.48,0.0
20181101,2617.03,2636.8,2603.65,2606.24,200903932,2606.24,0.0
20181031,2573.01,2612.92,2567.03,2602.78,180550348,2602.78,0.0
20181030,2538.57,2586.92,2521.78,2568.05,166682309,2568.05,0.0
20181029,2593.59,2595.54,2529.19,2542.1,134241923,2542.1,0.0
20181026,2610.9,2626.12,2580.85,2598.85,158936119,2598.85,0.0
20181025,2540.93,2606.1,2531.53,2603.8,162032979,2603.8,0.0
20181024,2579.97,2640.4,2577.77,2603.3,160060407,2603.3,0.0
20181023,2652.65,2659.81,2583.26,2594.83,178343543,2594.83,0.0
20181022,2565.64,2675.41,2565.64,2654.88,211888449,2654.88,0.0
20181019,2460.08,2553.39,2449.2,2550.47,147323558,2550.47,0.0
20181018,2544.91,2544.91,2485.62,2486.42,125428513,2486.42,0.0
20181017,2574.31,2582.55,2517.57,2561.61,129953997,2561.61,0.0
20181016,2567.76,2597.72,2536.44,2546.33,119419144,2546.33,0.0
20181015,2605.91,2611.97,2564.74,2568.1,118576197,2568.1,0.0
20181012,2574.04,2615.92,2536.67,2606.91,170081635,2606.91,0.0
20181011,2643.07,2661.29,2560.32,2583.46,197150702,2583.46,0.0
20181010,2723.72,2743.55,2703.06,2725.84,113485736,2725.84,0.0
20181009,2713.73,2734.31,2711.2,2721.01,116771899,2721.01,0.0
20181008,2768.21,2771.94,2710.18,2716.51,149501388,2716.51,0.0
20180928,2794.26,2821.76,2791.84,2821.35,134290456,2821.35,0.0
20180927,2805.79,2810.51,2786.32,2791.77,123997696,2791.77,0.0
20180926,2785.32,2827.34,2783.34,2806.81,139567706,2806.81,0.0
20180925,2775.07,2790.03,2771.16,2781.14,111983179,2781.14,0.0
20180921,2733.87,2797.49,2722.03,2797.48,158016642,2797.48,5363.737785000001
20180920,2732.17,2743.96,2724.08,2729.24,111387463,2729.24,3710.4532030000005
20180919,2694.8,2746.08,2690.99,2730.85,141550318,2730.85,8078.334058000001
20180918,2644.3,2700.19,2644.3,2699.95,115767993,2699.95,5221.630426
20180917,2671.29,2671.29,2647.92,2651.79,88238888,2651.79,6823.308469
20180914,2688.78,2694.92,2675.29,2681.64,100005008,2681.64,5969.737154
20180913,2679.21,2689.06,2653.19,2686.58,107335014,2686.58,798.3065120000001
20180912,2659.74,2672.07,2647.17,2656.11,90026758,2656.11,680.7656250000001
20180911,2668.49,2680.57,2652.7,2664.8,99865946,2664.8,325.343294
20180910,2698.01,2703.43,2667.32,2669.48,103559170,2669.48,201.310514
20180907,2696.68,2728.55,2683.72,2702.3,107523293,2702.3,1024.4126370000001
20180906,2697.58,2719.41,2683.74,2691.59,99017833,2691.59,2128.450433
20180905,2741.38,2745.47,2704.34,2704.34,105002269,2704.34,261.909987
20180904,2720.65,2756.61,2712.38,2750.58,109010307,2750.58,1178.342208
20180903,2716.4,2722.85,2692.36,2720.73,102213011,2720.73,840.6073240000001
20180831,2730.11,2744.63,2710.54,2725.25,109758742,2725.25,1181.040414
20180830,2769.33,2780.53,2736.35,2737.74,106060943,2737.74,259.151691
20180829,2774.86,2778.54,2762.35,2769.29,100156929,2769.29,3985.9318250000006
20180828,2782.29,2791.39,2769.4,2777.98,118749367,2777.98,1840.946895
20180827,2736.32,2780.9,2736.32,2780.9,132762578,2780.9,3936.2905410000003
20180824,2717.08,2748.82,2705.32,2729.43,100516269,2729.43,618.6168789999999
20180823,2714.87,2736.01,2700.8,2724.62,98446470,2724.62,914.9678429999998
20180822,2731.96,2731.96,2709.06,2714.61,93664640,2714.61,216.577706
20180821,2700.34,2739.17,2696.29,2733.83,113586839,2733.83,1016.1323659999999
20180820,2673.07,2698.47,2653.11,2698.47,110784164,2698.47,34.885348
20180817,2723.89,2730.33,2665.59,2668.97,112445294,2668.97,3025.2560459999995
20180816,2691.43,2732.95,2672.74,2705.19,120277878,2705.19,238.55411300000003
20180815,2777.25,2777.7,2721.24,2723.26,116161787,2723.26,2859.9106300000003
20180814,2780.74,2789.44,2766.57,2780.96,109571077,2780.96,815.299622
20180813,2769.02,2789.8,2742.56,2785.87,127532241,2785.87,2826.12861
20180810,2791.4,2806.11,2777.51,2795.31,121532232,2795.31,255.13147999999998
20180809,2729.58,2801.66,2726.22,2794.38,151660333,2794.38,1644.1734020000004
20180808,2771.13,2779.91,2741.07,2744.07,147688715,2744.07,1640.0821610000003
20180807,2711.74,2779.37,2696.04,2779.37,149579743,2779.37,943.709275
20180806,2736.53,2760.47,2692.32,2705.16,129753058,2705.16,12963.580847000001
20180803,2763.4,2777.66,2740.43,2740.44,127006363,2740.44,5435.697712
20180802,2815.34,2815.34,2726.48,2768.02,174179003,2768.02,3587.912786000001
20180801,2882.51,2897.4,2823.93,2824.53,149514348,2824.53,3038.6743880000004
20180731,2866.9,2884.68,2854.32,2876.4,118931117,2876.4,1952.506872
20180730,2871.94,2896.01,2850.3,2869.05,151652249,2869.05,542.528921
20180727,2879.69,2889.69,2864.11,2873.59,146371610,2873.59,1004.916169
20180726,2905.79,2915.3,2875.7,2882.23,168428202,2882.23,1152.2332059999999
20180725,2911.45,2912.31,2894.04,2903.65,167800207,2903.65,821.4461959999998
20180724,2862.27,2911.46,2862.27,2905.56,229578307,2905.56,1683.490604
20180723,2815.2,2863.57,2809.62,2859.54,173382797,2859.54,3083.2421589999994
20180720,2769.75,2837.86,2753.84,2829.27,145907688,2829.27,183.64648300000002
20180719,2791.02,2805.01,2764.49,2772.55,114486493,2772.55,3920.537876
20180718,2801.78,2818.4,2786.04,2787.26,120961165,2787.26,5516.117253999999
20180717,2806.89,2806.92,2774.76,2798.13,105409220,2798.13,3741.589744
20180716,2827.08,2837.51,2804.49,2814.04,107767151,2814.04,2047.0082209999998
20180713,2831.43,2835.46,2818.85,2831.18,117689348,2831.18,455.56219200000004
20180712,2771.04,2844.19,2771.04,2837.66,146980200,2837.66,2030.6231429999998
20180711,2780.7,2794.36,2752.43,2777.77,126821149,2777.77,3086.703894
20180710,2819.71,2828.49,2800.63,2827.63,117062748,2827.63,966.947768
20180709,2752.45,2815.79,2752.45,2815.11,121549309,2815.11,1320.2096990000005
20180706,2731.35,2768.87,2691.02,2747.23,136294380,2747.23,1997.107595
20180705,2755.34,2777.52,2727.94,2733.88,129226112,2733.88,738.3430840000001
20180704,2776.63,2793.18,2754.16,2759.13,123262181,2759.13,774.018779
20180703,2774.57,2786.89,2722.45,2786.89,142498466,2786.89,14222.961672
20180702,2841.58,2845.68,2756.82,2775.56,137035034,2775.56,6122.6218
20180629,2789.81,2848.37,2782.38,2847.42,125671685,2847.42,9887.475831
20180628,2799.9,2825.99,2782.45,2786.9,118357907,2786.9,16530.270252
20180627,2842.4,2854.26,2798.8,2813.18,129420833,2813.18,7405.4356640000005
20180626,2829.99,2850.24,2803.79,2844.51,125918468,2844.51,10883.718793000002
20180625,2903.45,2908.62,2857.87,2859.34,121917687,2859.34,4457.002268
20180622,2855.58,2891.97,2837.14,2889.76,126143129,2889.76,3729.8529909999997
20180621,2912.0,2940.59,2872.62,2875.81,154378332,2875.81,2763.9034159999997
20180620,2889.98,2925.56,2872.16,2915.73,144301420,2915.73,2268.4599319999998
20180619,2982.65,2984.97,2871.35,2907.82,230550067,2907.82,1005.2617240000001
20180615,3037.45,3048.8,3008.73,3021.9,144532571,3021.9,5629.607521000001
20180614,3038.07,3066.05,3032.41,3044.16,115469487,3044.16,5004.126695
20180613,3071.46,3071.46,3044.12,3049.8,119607886,3049.8,3032.696888
20180612,3053.03,3081.45,3034.1,3079.8,113275096,3079.8,9037.396687
20180611,3057.34,3063.61,3037.91,3052.78,108563786,3052.78,3512.867975
20180608,3100.6,3100.68,3053.29,3067.15,134688220,3067.15,381.13977800000004
20180607,3121.18,3128.72,3105.58,3109.5,127784970,3109.5,2235.396631
20180606,3109.17,3117.53,3103.53,3115.18,120196135,3115.18,125.13360300000001
20180605,3088.01,3114.77,3080.05,3114.21,118735592,3114.21,3569.9971419999997
20180604,3083.43,3098.4,3076.99,3091.19,114593902,3091.19,199.720401
20180601,3084.75,3102.09,3059.79,3075.14,129872199,3075.14,3481.772953
20180531,3061.83,3098.08,3054.27,3095.47,140475532,3095.47,11059.432836
20180530,3081.14,3085.4,3041.0,3041.44,155115126,3041.44,12950.282579000002
20180529,3129.62,3143.21,3112.15,3120.46,135717800,3120.46,7496.214674
20180528,3136.81,3149.66,3115.96,3135.08,128755918,3135.08,4852.043252
20180525,3148.41,3156.73,3131.07,3141.3,128610843,3141.3,2650.513177
20180524,3167.94,3173.53,3152.07,3154.65,124085800,3154.65,4606.206143999999
20180523,3205.44,3205.44,3168.96,3168.96,157807648,3168.96,740.8431939999999
20180522,3211.25,3214.59,3192.23,3214.35,144292684,3214.35,3331.439178
20180521,3206.18,3219.74,3203.34,3213.84,164459413,3213.84,10187.362103
20180518,3151.08,3193.45,3144.78,3193.3,136516918,3193.3,288.121498
20180517,3170.01,3172.77,3148.62,3154.28,113995567,3154.28,505.835883
20180516,3180.23,3191.95,3166.81,3169.57,130524968,3169.57,8998.312552
20180515,3180.42,3192.81,3164.52,3192.12,124549051,3192.12,1804.855
20180514,3167.04,3183.82,3163.48,3174.03,129327353,3174.03,6699.819402000001
20180511,3179.8,3180.76,3162.21,3163.26,130659749,3163.26,4686.842819
20180510,3169.05,3176.14,3155.53,3174.41,133000756,3174.41,442.87913499999996
20180509,3160.14,3165.37,3145.66,3159.15,122637268,3159.15,6932.255062000001
20180508,3135.3,3169.7,3134.06,3161.5,146927061,3161.5,4688.006797
20180507,3094.9,3136.84,3091.66,3136.64,138948186,3136.64,1212.272557
20180504,3093.12,3104.09,3086.78,3091.03,118711265,3091.03,91.57746999999999
20180503,3074.52,3105.66,3056.16,3100.86,139985620,3100.86,1422.3737290000001
20180502,3087.41,3097.6,3064.76,3081.18,134184566,3081.18,5922.714559999999
20180427,3082.41,3088.03,3049.91,3082.23,131225643,3082.23,3201.088553
20180426,3119.5,3121.93,3067.93,3075.03,133972736,3075.03,524.279773
20180425,3112.4,3122.91,3107.0,3117.97,127311053,3117.97,334.765672
20180424,3069.75,3136.04,3069.75,3128.93,162274806,3128.93,774.76178
20180423,3063.44,3085.06,3045.94,3068.01,131686340,3068.01,1477.8428399999998
20180420,3105.46,3111.17,3065.92,3071.54,155147091,3071.54,13427.049993999999
20180419,3094.27,3127.44,3090.29,3117.38,160056805,3117.38,6798.932619
20180418,3091.91,3096.89,3041.62,3091.4,159290503,3091.4,6358.712879
20180417,3112.97,3118.76,3064.03,3066.8,147222846,3066.8,20090.727064
20180416,3152.89,3153.11,3096.1,3110.65,154415695,3110.65,4144.748181
20180413,3192.04,3197.9,3155.51,3159.05,127552310,3159.05,466.0066310000001
20180412,3203.28,3205.25,3177.05,3180.16,148231313,3180.16,77.12645700000002
20180411,3197.37,3220.85,3191.59,3208.08,175867197,3208.08,757.906037
20180410,3144.26,3190.65,3139.08,3190.32,168201359,3190.32,2052.7927090000003
20180409,3125.44,3146.09,3110.3,3138.29,139608621,3138.29,1536.5785339999998
20180404,3147.05,3163.34,3128.87,3131.11,146976682,3131.11,438.01130800000004
20180403,3130.01,3144.33,3119.13,3136.63,152216674,3136.63,4826.624487
20180402,3169.78,3192.34,3159.99,3163.18,177727777,3163.18,1488.028509
20180330,3161.79,3177.72,3152.89,3168.9,154646596,3168.9,181.96065299999998
20180329,3127.26,3174.51,3098.25,3160.53,170312384,3160.53,1059.073928
20180328,3130.57,3165.21,3117.53,3122.29,163500488,3122.29,3428.1307340000003
20180327,3164.8,3172.78,3143.57,3166.65,189073383,3166.65,4511.147916
20180326,3117.32,3134.28,3091.46,3133.72,186366350,3133.72,2704.2877049999997
20180323,3172.77,3188.24,3110.66,3152.76,275532013,3152.76,7125.661316
20180322,3281.26,3288.8,3242.76,3263.48,150432977,3263.48,529.2747750000001
20180321,3299.73,3314.21,3268.88,3280.95,168398277,3280.95,817.353195
20180320,3257.22,3292.57,3252.43,3290.64,139881081,3290.64,2000.8497699999998
20180319,3264.93,3280.57,3251.05,3279.25,137954980,3279.25,747.492141
20180316,3290.21,3300.57,3269.28,3269.88,141203647,3269.88,2346.856092
20180315,3277.51,3297.1,3273.2,3291.11,148573606,3291.11,478.57372799999996
20180314,3298.67,3304.98,3287.36,3291.38,157491085,3291.38,1485.587722
20180313,3324.12,3333.88,3307.38,3310.24,177114353,3310.24,854.2165669999999
20180312,3319.21,3333.56,3313.56,3326.7,206532436,3326.7,6294.861367999999
20180309,3291.43,3309.72,3283.56,3307.17,168424509,3307.17,1891.7188999999998
20180308,3268.35,3289.5,3261.55,3288.41,149827519,3288.41,1967.617918
20180307,3288.86,3308.41,3264.76,3271.67,168665019,3271.67,1228.487218
20180306,3266.49,3290.25,3243.65,3289.64,195358046,3289.64,2555.936409
20180305,3255.87,3269.4,3236.72,3256.93,144835988,3256.93,14030.304919000002
20180302,3248.45,3269.94,3242.27,3254.53,150861063,3254.53,620.3865430000002
20180301,3235.09,3280.15,3228.58,3273.75,159098320,3273.75,12686.945197999998
20180228,3264.06,3277.83,3239.84,3259.41,151043536,3259.41,27849.149773
20180227,3328.67,3328.67,3284.63,3292.07,174219368,3292.07,15466.151646999999
20180226,3307.3,3335.99,3281.61,3329.57,188568602,3329.57,5592.028992
20180223,3275.43,3294.13,3258.49,3289.02,145790368,3289.02,7113.398558999999
20180222,3237.57,3269.92,3234.12,3268.56,138730445,3268.56,7522.247514
20180214,3188.25,3203.5,3171.38,3199.16,100322827,3199.16,1758.3592090000002
20180213,3176.11,3219.22,3176.11,3184.96,151527597,3184.96,2029.0801770000003
20180212,3128.37,3168.13,3113.61,3154.13,153310831,3154.13,4315.815527000001
20180209,3172.85,3180.11,3062.74,3129.85,256389176,3129.85,1766.5466610000003
20180208,3281.05,3307.16,3225.71,3262.05,201262499,3262.05,672.1358169999999
20180207,3412.74,3425.54,3304.01,3309.26,260939714,3309.26,1282.868059
20180206,3418.01,3440.12,3364.22,3370.65,280555477,3370.65,337.89014
20180205,3411.67,3487.72,3406.24,3487.5,217673754,3487.5,874.4855230000001
20180202,3419.22,3463.16,3388.86,3462.08,208120551,3462.08,5218.495561000001
20180201,3478.67,3495.09,3424.42,3446.98,260504707,3446.98,4645.517220000001
20180131,3470.51,3495.45,3454.73,3480.83,207253403,3480.83,13786.663483
20180130,3511.5,3523.05,3484.66,3488.01,186369975,3488.01,1632.727513
20180129,3563.64,3587.03,3510.27,3523.0,236026965,3523.0,383.87213699999995
20180126,3535.49,3574.9,3534.2,3558.13,222698295,3558.13,945.358996
20180125,3555.17,3571.48,3528.03,3548.31,243413422,3548.31,4766.721707
20180124,3553.48,3569.49,3527.11,3559.47,252954496,3559.47,6132.308336
20180123,3504.34,3547.22,3504.34,3546.5,238705904,3546.5,10690.550854000001
20180122,3476.99,3503.39,3475.67,3501.36,217487534,3501.36,23579.616996999997
20180119,3481.62,3498.43,3474.29,3487.86,247536733,3487.86,10132.145749
20180118,3449.88,3476.55,3448.79,3474.75,220039555,3474.75,14176.823381999999
20180117,3438.58,3465.2,3430.51,3444.67,261045030,3444.67,6467.265393000001
20180116,3403.47,3437.58,3401.96,3436.59,211475468,3436.59,3192.895381
20180115,3428.95,3442.5,3402.31,3410.49,232009283,3410.49,486.5959720000001
20180112,3423.88,3435.42,3417.98,3428.94,174063404,3428.94,790.02529
20180111,3415.59,3426.48,3405.64,3425.34,173812133,3425.34,1507.8968869999999
20180110,3414.11,3430.21,3398.84,3421.83,209094997,3421.83,544.629785
20180109,3406.11,3417.23,3403.59,3413.9,191488551,3413.9,250.18967400000002
20180108,3391.55,3412.73,3384.56,3409.48,236165106,3409.48,4467.094072000001
20180105,3386.46,3402.07,3380.24,3391.75,213060681,3391.75,12650.237978000001
20180104,3371.0,3392.83,3365.3,3385.71,206955288,3385.71,5657.405565
20180103,3347.74,3379.92,3345.29,3369.11,213836149,3369.11,14483.011969
20180102,3314.03,3349.05,3314.03,3348.33,202278860,3348.33,6172.407560999999
